/* sd_progrom.c - Space Duel program ROM image, CPU $4000-$8FFF.
 * generated by c_src/tools/gen_progrom.py from ROMs 136006-201,
 * -102, -103, -104 and -105 (5 x 4 KB @ $4000-$8FFF); verified
 * against the 64K image (disasm/build/spacduel_64k.bin). */
#include "sd_progrom.h"

const uint8_t sd_progrom[0x5000] = {
    /* 4000 */ 0x42,0x02,0xBB,0x5A,0x30,0x5F,0xEE,0x7D,0xA8,0x4C,0x3F,0x80,0x20,0x66,0x4F,0x20,
    /* 4010 */ 0xC0,0x59,0x20,0xDB,0x76,0xAD,0x00,0x08,0x29,0x10,0xD0,0x03,0x4C,0x1D,0x8A,0x2C,
    /* 4020 */ 0x00,0x08,0x50,0xFB,0x20,0xE5,0x6E,0x46,0x33,0x90,0xFC,0x8D,0x00,0x0D,0xA5,0x44,
    /* 4030 */ 0x29,0x0F,0x09,0xE0,0x8D,0xE6,0x03,0xA2,0x01,0xBD,0xE7,0x03,0xF0,0x0D,0x18,0x69,
    /* 4040 */ 0x02,0x9D,0xE7,0x03,0xD0,0x05,0xA9,0x40,0x20,0xB6,0x67,0xCA,0x10,0xEB,0xAD,0x01,
    /* 4050 */ 0x20,0x49,0x02,0x8D,0x01,0x20,0x8D,0x80,0x0C,0xAD,0x01,0x20,0xA2,0x20,0x29,0x02,
    /* 4060 */ 0xD0,0x02,0xA2,0x24,0xA9,0x02,0x85,0x01,0x86,0x02,0xA9,0x94,0xA2,0xAA,0x20,0xA5,
    /* 4070 */ 0x8E,0xA5,0x35,0x05,0x20,0x05,0x26,0xD0,0x34,0xA5,0x38,0x25,0x39,0x10,0x2E,0xA9,
    /* 4080 */ 0x64,0xA2,0xAF,0x20,0xA5,0x8E,0xA5,0xDB,0xF0,0x23,0x48,0xA9,0xCA,0xA2,0xC2,0x20,
    /* 4090 */ 0x60,0x77,0xA0,0x0E,0xA9,0xE1,0x20,0x73,0x77,0x68,0x85,0x08,0xA9,0x00,0x85,0x07,
    /* 40A0 */ 0x38,0xA9,0x07,0xA0,0x02,0x20,0x1C,0x87,0xA9,0x00,0x20,0x55,0x8E,0x20,0x5A,0x41,
    /* 40B0 */ 0x90,0x03,0x4C,0x0C,0x40,0xA5,0x35,0xD0,0x1E,0x20,0xCD,0x4D,0x90,0x03,0x4C,0x12,
    /* 40C0 */ 0x40,0xA5,0x38,0x25,0x39,0x10,0x3D,0xAD,0xA3,0x03,0xD0,0x06,0xA5,0x20,0x05,0x26,
    /* 40D0 */ 0xD0,0x32,0x20,0x04,0x60,0xB0,0x2D,0x24,0x51,0x30,0x05,0xA2,0x01,0x20,0x70,0x4C,
    /* 40E0 */ 0xA2,0x00,0x20,0x70,0x4C,0xA2,0x01,0x20,0xA1,0x54,0xA2,0x00,0x20,0xA1,0x54,0x20,
    /* 40F0 */ 0x65,0x6C,0x20,0xD1,0x6A,0x20,0x1C,0x6B,0x20,0x37,0x49,0x20,0x74,0x51,0x20,0xB9,
    /* 4100 */ 0x5B,0x20,0xB7,0x43,0x20,0x80,0x5C,0x20,0xD4,0x73,0x20,0xA1,0x8E,0x20,0x46,0x8E,
    /* 4110 */ 0x20,0x8F,0x63,0x20,0xFD,0x68,0xAD,0x71,0x02,0xF0,0x05,0xCE,0x71,0x02,0xD0,0x37,
    /* 4120 */ 0xA5,0x35,0x10,0x1B,0xA5,0x24,0x29,0x03,0xD0,0x15,0x2C,0x06,0x09,0x50,0x10,0xAD,
    /* 4130 */ 0x06,0x09,0x0A,0x6E,0xE0,0x03,0x90,0x07,0xD0,0x05,0xA9,0xF0,0x8D,0x64,0x02,0xAD,
    /* 4140 */ 0x64,0x02,0x30,0x02,0xD0,0x11,0x24,0x35,0x30,0x0A,0xA5,0x45,0x29,0x03,0xC9,0x03,
    /* 4150 */ 0xD0,0x05,0xE6,0x45,0x4C,0x0F,0x40,0x4C,0x12,0x40,0xA5,0x35,0xF0,0x4F,0xA5,0x43,
    /* 4160 */ 0xD0,0x03,0x4C,0x57,0x43,0xE6,0x43,0xF0,0x1B,0xA9,0xE4,0xA2,0x04,0x20,0x60,0x77,
    /* 4170 */ 0xA0,0x07,0x8C,0xE4,0x03,0x20,0x70,0x77,0xA9,0x00,0x8D,0xB7,0x03,0xA9,0xFF,0x8D,
    /* 4180 */ 0xA3,0x03,0x18,0x60,0x20,0xA8,0x73,0x20,0xCC,0x76,0xA5,0x38,0x25,0x39,0x30,0x08,
    /* 4190 */ 0x20,0xED,0x72,0xA9,0x00,0x8D,0xF6,0x03,0xA9,0x00,0x85,0x35,0x8D,0x71,0x02,0x85,
    /* 41A0 */ 0x53,0x8D,0x6D,0x02,0x8D,0x6E,0x02,0x85,0xB8,0x85,0xB9,0x18,0x60,0xA5,0x20,0x05,
    /* 41B0 */ 0x26,0x05,0x44,0xD0,0x36,0xA5,0x45,0x29,0x07,0x49,0x02,0xD0,0x2E,0xA0,0x00,0x20,
    /* 41C0 */ 0xA3,0x43,0xF0,0x06,0xC9,0x02,0x90,0x02,0xA0,0x80,0x84,0x52,0x20,0xDB,0x76,0xA9,
    /* 41D0 */ 0x20,0x8D,0x6D,0x02,0x8D,0x6E,0x02,0xA9,0x80,0x8D,0x9D,0x03,0x8D,0x9E,0x03,0xA9,
    /* 41E0 */ 0x00,0x85,0xB8,0x85,0xB9,0x8D,0xD0,0x03,0x8D,0xD1,0x03,0xA4,0x30,0x30,0x0C,0xA9,
    /* 41F0 */ 0x08,0xA4,0x20,0xC0,0x12,0x90,0x06,0xA0,0x12,0x84,0x20,0xA9,0x00,0x85,0x31,0xAD,
    /* 4200 */ 0xA3,0x03,0xF0,0x03,0xCE,0xA3,0x03,0xA9,0x00,0x85,0x13,0x85,0x54,0xA0,0x08,0x2C,
    /* 4210 */ 0x05,0x09,0x50,0x02,0xC6,0x13,0xC8,0x78,0x8D,0x0B,0x14,0xAD,0x08,0x14,0x58,0x49,
    /* 4220 */ 0x02,0x85,0x24,0x29,0x03,0xD0,0x08,0xA9,0x02,0x85,0x20,0x85,0x1F,0xD0,0x5F,0x18,
    /* 4230 */ 0x69,0x07,0x24,0x13,0x10,0x02,0x69,0x0D,0xA8,0xA9,0xC6,0x85,0x18,0x2C,0x06,0x09,
    /* 4240 */ 0x50,0x22,0xA5,0x20,0xD0,0x07,0xA9,0x80,0x85,0x1F,0x4C,0x51,0x42,0xC9,0x01,0xD0,
    /* 4250 */ 0x13,0x24,0x1F,0x10,0x13,0xA5,0x44,0x29,0x20,0xD0,0x06,0xA0,0x12,0xA9,0xC4,0x85,
    /* 4260 */ 0x18,0x4C,0x6E,0x42,0xA9,0x00,0x85,0x1F,0xA5,0x44,0x29,0x20,0xD0,0x20,0xA5,0x38,
    /* 4270 */ 0x25,0x39,0x10,0x1A,0xAD,0xA3,0x03,0xD0,0x15,0x98,0x48,0xA9,0xD3,0xA2,0x49,0x20,
    /* 4280 */ 0x60,0x77,0xA2,0x00,0x20,0x30,0x77,0xA6,0x18,0x68,0xA8,0x20,0x72,0x77,0xA4,0x20,
    /* 4290 */ 0xD0,0x0F,0xA4,0x26,0xF0,0x03,0x4C,0x43,0x43,0xA5,0x31,0x09,0x30,0x85,0x31,0x18,
    /* 42A0 */ 0x60,0xAD,0x06,0x09,0x0A,0x6E,0xE0,0x03,0x2C,0xEE,0x03,0x30,0x36,0x24,0x1F,0x30,
    /* 42B0 */ 0x32,0x2C,0x04,0x09,0x50,0x2D,0x24,0x13,0x30,0x07,0xA5,0x34,0x4A,0xB0,0x02,0xC6,
    /* 42C0 */ 0x20,0xC6,0x20,0xA5,0x31,0x29,0xDF,0x85,0x31,0xA9,0x00,0x8D,0xEE,0x03,0x8D,0xF6,
    /* 42D0 */ 0x03,0xA9,0xFF,0x8D,0xEB,0x03,0x8D,0xEC,0x03,0xA5,0x34,0x8D,0xF4,0x03,0x20,0xDB,
    /* 42E0 */ 0x76,0x38,0x60,0xA5,0x44,0x29,0x18,0x0A,0x2C,0xE0,0x03,0x10,0x2D,0x70,0x2B,0x24,
    /* 42F0 */ 0x1F,0x30,0x27,0x2C,0xEE,0x03,0x10,0x0A,0xAD,0xF4,0x03,0x29,0x03,0x85,0x34,0x4C,
    /* 4300 */ 0x0A,0x43,0xA2,0x00,0x8E,0xA3,0x03,0x20,0xA3,0x43,0xA2,0x40,0x8E,0xEE,0x03,0xA2,
    /* 4310 */ 0xFF,0x86,0x38,0x86,0x39,0xA2,0x00,0x8E,0xA3,0x03,0x2C,0xEE,0x03,0x10,0x02,0x09,
    /* 4320 */ 0x20,0x45,0x31,0x29,0x30,0x45,0x31,0x85,0x31,0xA6,0x34,0xBD,0xD5,0x6C,0x24,0x13,
    /* 4330 */ 0x30,0x0B,0xC5,0x20,0xF0,0x07,0x90,0x05,0x20,0xA3,0x43,0xB0,0xE4,0xA0,0x0B,0x4A,
    /* 4340 */ 0xF0,0x01,0xC8,0xAD,0xA3,0x03,0xD0,0x09,0xA5,0x38,0x25,0x39,0x10,0x03,0x20,0x29,
    /* 4350 */ 0x75,0x18,0x60,0x11,0x11,0x12,0x12,0xA5,0x48,0x05,0x47,0x05,0xB8,0x05,0xB9,0xD0,
    /* 4360 */ 0x40,0xA5,0x34,0xD0,0x08,0xAD,0x88,0x03,0x2D,0x89,0x03,0x10,0x34,0xA5,0x43,0xD0,
    /* 4370 */ 0x30,0xA2,0x07,0xB5,0xBF,0xD0,0x2A,0xCA,0x10,0xF9,0x20,0xC0,0x50,0xA9,0x01,0x8D,
    /* 4380 */ 0xAF,0x03,0xA9,0x00,0x85,0x53,0xA2,0x40,0xA5,0x38,0x29,0x39,0x30,0x02,0xA2,0x10,
    /* 4390 */ 0x86,0x43,0xA9,0x80,0x8D,0xEE,0x03,0x20,0x3E,0x89,0x20,0x14,0x66,0xA9,0x00,0x85,
    /* 43A0 */ 0x30,0x18,0x60,0xA6,0x34,0xBD,0xB3,0x43,0x85,0x34,0x2C,0x07,0x09,0x50,0x03,0x4A,
    /* 43B0 */ 0x90,0xF1,0x60,0x01,0x03,0x00,0x02,0xA2,0x2F,0xB5,0x97,0xF0,0x02,0x10,0x06,0xCA,
    /* 43C0 */ 0xE0,0x20,0xD0,0xF5,0x60,0xBC,0x8F,0x44,0xA5,0x34,0xD0,0x03,0xBC,0xA0,0x44,0x88,
    /* 43D0 */ 0x30,0xED,0xB9,0x97,0x00,0xF0,0xF8,0x30,0xF6,0xB9,0xB5,0x02,0x38,0xFD,0xB5,0x02,
    /* 43E0 */ 0xE9,0x03,0xC9,0xFA,0x90,0xE9,0xB9,0xE7,0x02,0xFD,0xE7,0x02,0xE9,0x03,0xC9,0xFA,
    /* 43F0 */ 0x90,0xDD,0xB9,0x20,0x03,0xFD,0x20,0x03,0x85,0x07,0xB9,0xB5,0x02,0xFD,0xB5,0x02,
    /* 4400 */ 0x4A,0x66,0x07,0x0A,0xF0,0x0A,0x49,0xFE,0xD0,0xC5,0xA5,0x07,0x49,0xFF,0x85,0x07,
    /* 4410 */ 0xB9,0x52,0x03,0x38,0xFD,0x52,0x03,0x85,0x08,0xB9,0xE7,0x02,0xFD,0xE7,0x02,0x4A,
    /* 4420 */ 0x66,0x08,0x0A,0xF0,0x0A,0x49,0xFE,0xD0,0xA6,0xA5,0x08,0x49,0xFF,0x85,0x08,0xC0,
    /* 4430 */ 0x11,0xB0,0x0F,0x84,0x0D,0xB9,0x97,0x00,0x29,0x07,0xA8,0xB9,0xA9,0x44,0xA4,0x0D,
    /* 4440 */ 0x10,0x03,0xB9,0x7A,0x44,0x18,0x7D,0x7A,0x44,0xC5,0x07,0x90,0x3B,0xC5,0x08,0x90,
    /* 4450 */ 0x37,0x85,0x0A,0x4A,0x18,0x65,0x0A,0x85,0x0A,0xA9,0x00,0x69,0x00,0x85,0x0B,0xA5,
    /* 4460 */ 0x08,0x65,0x07,0x85,0x07,0xA9,0x00,0x69,0x00,0x85,0x08,0xA5,0x0A,0xC5,0x07,0xA5,
    /* 4470 */ 0x0B,0xE5,0x08,0x90,0x13,0x86,0x0C,0x84,0x0D,0x20,0xD0,0x44,0xA4,0x0D,0xA6,0x0C,
    /* 4480 */ 0xB5,0x97,0xF0,0x02,0x10,0x02,0xA0,0x00,0x4C,0xCF,0x43,0x38,0x38,0x38,0x38,0x38,
    /* 4490 */ 0x38,0x38,0x38,0x18,0x18,0x18,0x18,0x18,0x18,0x20,0x20,0x30,0x30,0x00,0x00,0x00,
    /* 44A0 */ 0x00,0x00,0x00,0x00,0x00,0x00,0x00,0x00,0x00,0x00,0x2A,0x48,0x00,0x84,0x1F,0x1F,
    /* 44B0 */ 0x21,0x21,0x00,0x23,0x23,0x23,0x23,0x21,0x21,0x21,0x21,0x21,0x21,0x21,0x21,0x1F,
    /* 44C0 */ 0x1F,0x21,0x22,0x00,0x23,0x23,0x23,0x23,0x23,0x23,0x23,0x23,0x22,0x22,0x22,0x22,
    /* 44D0 */ 0xBD,0x71,0x45,0x8D,0x8E,0x03,0xE0,0x24,0xB0,0x03,0x4C,0x7D,0x45,0xA9,0x00,0x95,
    /* 44E0 */ 0x97,0xC0,0x19,0xB0,0x03,0x4C,0x54,0x65,0xC0,0x1F,0xB0,0x5E,0xA9,0x00,0x99,0x66,
    /* 44F0 */ 0x02,0x99,0x00,0x02,0x99,0x32,0x02,0xB9,0xB0,0x00,0x69,0x01,0x99,0xB0,0x00,0xC9,
    /* 4500 */ 0x08,0x90,0x14,0xA9,0x00,0x99,0x97,0x00,0xA9,0x10,0x20,0x68,0x5F,0x20,0xE5,0x72,
    /* 4510 */ 0x20,0x2D,0x67,0xA6,0x0C,0xA4,0x0D,0xBD,0x00,0x02,0xA2,0x00,0x09,0x00,0x10,0x01,
    /* 4520 */ 0xCA,0x18,0x79,0x20,0x03,0x99,0x20,0x03,0x8A,0x79,0xB5,0x02,0x99,0xB5,0x02,0xA6,
    /* 4530 */ 0x0C,0xBD,0x32,0x02,0xA2,0x00,0x09,0x00,0x10,0x01,0xCA,0x18,0x79,0x52,0x03,0x99,
    /* 4540 */ 0x52,0x03,0x8A,0x79,0xE7,0x02,0x99,0xE7,0x02,0x60,0xC0,0x21,0x90,0x19,0x98,0x38,
    /* 4550 */ 0xE9,0x21,0xCD,0x8E,0x03,0xF0,0xF2,0xA6,0x0D,0x4C,0xA1,0x45,0xBD,0x6A,0x45,0x8D,
    /* 4560 */ 0x8E,0x03,0xCC,0x8E,0x03,0xF0,0x08,0xE0,0x28,0xB0,0x05,0xE0,0x24,0x90,0x01,0x60,
    /* 4570 */ 0xA9,0x00,0x8D,0xF1,0x03,0x20,0xBE,0x46,0xA6,0x0D,0x4C,0xDB,0x53,0xC0,0x21,0x90,
    /* 4580 */ 0x20,0x20,0x16,0x48,0xA6,0x0D,0x20,0x16,0x48,0xA4,0x0C,0x4C,0xD0,0x48,0x20,0x20,
    /* 4590 */ 0x21,0x21,0x00,0x01,0xFF,0xFF,0xFF,0xFF,0xFF,0x00,0x00,0x00,0x00,0x01,0x01,0x01,
    /* 45A0 */ 0x01,0xBD,0xC6,0x03,0xD0,0x24,0xB5,0x2E,0x29,0x80,0xF0,0x3C,0xA5,0x34,0xC9,0x02,
    /* 45B0 */ 0x90,0x09,0xBD,0x52,0x02,0x38,0xE9,0x0C,0x4C,0xC1,0x45,0xBD,0x52,0x02,0x38,0xE9,
    /* 45C0 */ 0x18,0xC9,0x18,0xB0,0x02,0xA9,0x00,0x9D,0x52,0x02,0xA4,0x0D,0xBD,0x69,0x03,0x29,
    /* 45D0 */ 0x7F,0x85,0x1C,0x98,0x9D,0x69,0x03,0xC4,0x1C,0xF0,0x0C,0x24,0x52,0x10,0x05,0xA2,
    /* 45E0 */ 0x23,0x20,0x4B,0x54,0x20,0x57,0x48,0x60,0x86,0x07,0x20,0xE5,0x72,0xA9,0xA0,0x95,
    /* 45F0 */ 0x97,0x24,0x52,0x10,0x2C,0xBD,0x67,0x03,0x30,0x18,0xBC,0x51,0x4D,0xB9,0x67,0x03,
    /* 4600 */ 0x30,0x10,0xDE,0x67,0x03,0xA9,0xB8,0x9D,0xCE,0x03,0x95,0x97,0x20,0x3E,0x62,0x4C,
    /* 4610 */ 0x4E,0x46,0xA9,0x00,0x9D,0xCE,0x03,0xAD,0xCF,0x03,0x10,0x63,0xCE,0xCF,0x03,0xD0,
    /* 4620 */ 0x06,0xA5,0x34,0xC9,0x02,0x90,0x27,0x24,0xDC,0x30,0x23,0xA2,0x20,0xB5,0x97,0xF0,
    /* 4630 */ 0x12,0xBD,0x00,0x02,0x20,0xA1,0x5B,0x9D,0x00,0x02,0xBD,0x32,0x02,0x20,0xA1,0x5B,
    /* 4640 */ 0x9D,0x32,0x02,0xCA,0x10,0xE7,0xA6,0x07,0xA9,0xFF,0x85,0x53,0xD0,0x31,0xA4,0x0C,
    /* 4650 */ 0xC0,0x28,0xA9,0x00,0x90,0x1E,0xA9,0xE0,0x95,0x97,0x9D,0xCE,0x03,0x20,0x3E,0x62,
    /* 4660 */ 0xA6,0x07,0xA9,0x50,0xBC,0x67,0x03,0x10,0x02,0xA9,0x25,0x20,0x68,0x5F,0xA6,0x07,
    /* 4670 */ 0xA9,0xFF,0xD0,0x08,0xDE,0x67,0x03,0x30,0x03,0xFE,0x67,0x03,0x9D,0x9A,0x03,0xA9,
    /* 4680 */ 0xA0,0x9D,0x4C,0x02,0x20,0xA3,0x46,0xA4,0x0D,0x4C,0x54,0x65,0xA0,0x07,0xB9,0x8F,
    /* 4690 */ 0x03,0x09,0x01,0x99,0x8F,0x03,0x88,0x10,0xF5,0xA5,0x34,0xF0,0x05,0xA9,0xFF,0x8D,
    /* 46A0 */ 0x8D,0x03,0x60,0xA0,0x07,0x8A,0x49,0x01,0xAA,0xB9,0xC1,0x03,0xF0,0x04,0x8A,0x99,
    /* 46B0 */ 0xC1,0x03,0x88,0x10,0xF4,0x60,0xE7,0x2D,0x7B,0xB7,0x46,0x47,0x47,0x47,0xAE,0x8E,
    /* 46C0 */ 0x03,0x10,0x01,0x60,0xFE,0xD2,0x03,0xD0,0x03,0xFE,0xD4,0x03,0xAD,0xD2,0x03,0x18,
    /* 46D0 */ 0x6D,0xD3,0x03,0x85,0x07,0xAD,0xD4,0x03,0x6D,0xD5,0x03,0x85,0x08,0xA4,0x34,0xB9,
    /* 46E0 */ 0xBA,0x46,0x48,0xB9,0xB6,0x46,0x48,0x60,0xBD,0xD4,0x03,0xD0,0x07,0xBD,0xD2,0x03,
    /* 46F0 */ 0xC9,0x20,0x90,0x08,0xFE,0x99,0x03,0x10,0x03,0xDE,0x99,0x03,0xBD,0xD4,0x03,0xD0,
    /* 4700 */ 0x0F,0xBD,0xD2,0x03,0x29,0x07,0xD0,0x08,0xFE,0x9B,0x03,0x10,0x03,0xDE,0x9B,0x03,
    /* 4710 */ 0xBD,0xD2,0x03,0xC9,0x03,0xD0,0x06,0xBD,0x2C,0x47,0x9D,0x97,0x03,0x18,0xAD,0xD2,
    /* 4720 */ 0x03,0x6D,0xD2,0x03,0x29,0x07,0xD0,0x03,0xEE,0xB8,0x03,0x60,0x14,0x18,0xBD,0xD4,
    /* 4730 */ 0x03,0xD0,0x0B,0xBD,0xD2,0x03,0xC9,0x20,0x90,0x0C,0x29,0x01,0xD0,0x08,0xFE,0x99,
    /* 4740 */ 0x03,0x10,0x03,0xDE,0x99,0x03,0xBD,0xD4,0x03,0xD0,0x0F,0xBD,0xD2,0x03,0x29,0x07,
    /* 4750 */ 0xD0,0x08,0xFE,0x9B,0x03,0x10,0x03,0xDE,0x9B,0x03,0xBD,0xD2,0x03,0xC9,0x04,0xF0,
    /* 4760 */ 0x08,0xC9,0x0F,0xF0,0x04,0xC9,0x19,0xD0,0x06,0xEE,0x97,0x03,0xEE,0xB8,0x03,0xBD,
    /* 4770 */ 0xD4,0x03,0xD0,0x07,0xBD,0xD2,0x03,0xC9,0x28,0x90,0x00,0x60,0xA5,0x08,0xD0,0x06,
    /* 4780 */ 0xA5,0x07,0xC9,0x20,0x90,0x08,0xFE,0x99,0x03,0x10,0x03,0xDE,0x99,0x03,0xA5,0x08,
    /* 4790 */ 0xD0,0x0A,0xA5,0x07,0xC9,0x10,0x90,0x0C,0x29,0x0F,0xD0,0x08,0xFE,0x9B,0x03,0x10,
    /* 47A0 */ 0x03,0xDE,0x9B,0x03,0xA5,0x08,0xD0,0x0F,0xA5,0x07,0x29,0x0F,0xD0,0x09,0xEE,0xB8,
    /* 47B0 */ 0x03,0xEE,0xB5,0x03,0xEE,0xB4,0x03,0x60,0xA5,0x08,0xD0,0x06,0xA5,0x07,0xC9,0x20,
    /* 47C0 */ 0x90,0x08,0xFE,0x99,0x03,0x10,0x03,0xDE,0x99,0x03,0xA5,0x08,0xD0,0x0A,0xA5,0x07,
    /* 47D0 */ 0xC9,0x10,0x90,0x0C,0x29,0x0F,0xD0,0x08,0xFE,0x9B,0x03,0x10,0x03,0xDE,0x9B,0x03,
    /* 47E0 */ 0xA5,0x08,0xD0,0x20,0xA5,0x07,0xC9,0x07,0xD0,0x06,0xEE,0xB5,0x03,0xEE,0xB8,0x03,
    /* 47F0 */ 0xC9,0x0F,0xD0,0x06,0xEE,0xB4,0x03,0xEE,0xB8,0x03,0xC9,0x25,0xD0,0x06,0xEE,0xB5,
    /* 4800 */ 0x03,0xEE,0xB8,0x03,0xA5,0x07,0x90,0x0D,0x29,0x07,0xD0,0x09,0xEE,0xB8,0x03,0xEE,
    /* 4810 */ 0xB5,0x03,0xEE,0xB4,0x03,0x60,0xA0,0x00,0xBD,0x00,0x02,0x20,0x4D,0x68,0x10,0x01,
    /* 4820 */ 0x88,0x18,0x7D,0x20,0x03,0x9D,0x20,0x03,0x98,0x7D,0xB5,0x02,0x29,0x1F,0x9D,0xB5,
    /* 4830 */ 0x02,0xA0,0x00,0xBD,0x32,0x02,0x20,0x4D,0x68,0x10,0x02,0x88,0x18,0x7D,0x52,0x03,
    /* 4840 */ 0x9D,0x52,0x03,0x98,0x7D,0xE7,0x02,0x30,0x08,0xC9,0x18,0x90,0x06,0xA9,0x00,0xF0,
    /* 4850 */ 0x02,0xA9,0x17,0x9D,0xE7,0x02,0x60,0xC0,0x21,0xB0,0x74,0x2C,0xF1,0x03,0x10,0x05,
    /* 4860 */ 0xC0,0x20,0xD0,0x01,0x88,0x20,0xD0,0x48,0xB9,0x00,0x02,0xC9,0x04,0x90,0x04,0xC9,
    /* 4870 */ 0xFD,0x90,0x15,0xBD,0x20,0x03,0xD9,0x20,0x03,0xBD,0xB5,0x02,0xF9,0xB5,0x02,0xA9,
    /* 4880 */ 0xFD,0xB0,0x02,0xA9,0x03,0x99,0x00,0x02,0xB9,0x32,0x02,0xC9,0x04,0x90,0x04,0xC9,
    /* 4890 */ 0xFD,0x90,0x15,0xBD,0x52,0x03,0xD9,0x52,0x03,0xBD,0xE7,0x02,0xF9,0xE7,0x02,0xA9,
    /* 48A0 */ 0xFD,0xB0,0x02,0xA9,0x03,0x99,0x32,0x02,0xC0,0x1F,0xB0,0x23,0xC0,0x11,0x90,0x1F,
    /* 48B0 */ 0x86,0x13,0xBE,0x00,0x02,0xB9,0x32,0x02,0xA8,0x20,0xD0,0x67,0xA6,0x13,0xA4,0x0D,
    /* 48C0 */ 0x99,0x82,0x02,0xC0,0x19,0xB0,0x08,0xB9,0x74,0x02,0x4A,0x4A,0x99,0x74,0x02,0x60,
    /* 48D0 */ 0xBD,0x00,0x02,0x48,0xB9,0x00,0x02,0x9D,0x00,0x02,0x68,0x99,0x00,0x02,0xBD,0x32,
    /* 48E0 */ 0x02,0x48,0xB9,0x32,0x02,0x9D,0x32,0x02,0x68,0x99,0x32,0x02,0x60,0xB9,0xB5,0x02,
    /* 48F0 */ 0x38,0xFD,0xB5,0x02,0x30,0x08,0xC9,0x13,0x90,0x0A,0xE9,0x20,0xD0,0x06,0xC9,0xED,
    /* 4900 */ 0xB0,0x02,0x69,0x20,0x48,0xB9,0xE7,0x02,0x38,0xFD,0xE7,0x02,0x30,0x08,0xC9,0x0E,
    /* 4910 */ 0x90,0x0A,0xE9,0x17,0xD0,0x06,0xC9,0xF2,0xB0,0x02,0x69,0x18,0x4C,0x2E,0x49,0xB9,
    /* 4920 */ 0xB5,0x02,0x38,0xFD,0xB5,0x02,0x48,0xB9,0xE7,0x02,0x38,0xFD,0xE7,0x02,0xA8,0x68,
    /* 4930 */ 0xAA,0x4C,0xD0,0x67,0x4C,0xE9,0x49,0xA5,0x44,0x29,0x3F,0x4A,0xB0,0xF6,0x4A,0xB0,
    /* 4940 */ 0xF3,0x4A,0x90,0xF0,0xC9,0x06,0xB0,0xEC,0x69,0x19,0xAA,0xB5,0x97,0xF0,0xE5,0x30,
    /* 4950 */ 0xE3,0x86,0x0C,0xBC,0xB0,0x03,0x20,0x1F,0x49,0xA6,0x0C,0xE0,0x19,0xB0,0x0A,0xA8,
    /* 4960 */ 0xBD,0x7E,0x03,0x4A,0x98,0x90,0x06,0xB0,0x2D,0x24,0x54,0x30,0x29,0x38,0xFD,0x82,
    /* 4970 */ 0x02,0x0A,0xBD,0x74,0x02,0x90,0x04,0x49,0xFF,0x69,0x00,0xC9,0x80,0x6A,0x66,0x1C,
    /* 4980 */ 0xC9,0x80,0x6A,0x66,0x1C,0xA8,0xA5,0x1C,0x18,0x7D,0x94,0x02,0x9D,0x94,0x02,0x98,
    /* 4990 */ 0x7D,0x82,0x02,0x9D,0x82,0x02,0xBD,0x66,0x02,0xE0,0x19,0x90,0x18,0xF5,0x97,0xB0,
    /* 49A0 */ 0x0E,0x20,0x4D,0x68,0x4A,0xD0,0x02,0xA9,0x01,0x7D,0x66,0x02,0x4C,0xB2,0x49,0xBD,
    /* 49B0 */ 0x66,0x02,0x4C,0xC8,0x49,0xD5,0x97,0xB0,0x12,0x69,0x04,0xE0,0x15,0x90,0x06,0x6D,
    /* 49C0 */ 0x9C,0x03,0x4C,0xC8,0x49,0x6D,0x9B,0x03,0x9D,0x66,0x02,0x85,0x07,0xBD,0x82,0x02,
    /* 49D0 */ 0x20,0x31,0x68,0x20,0x6D,0x68,0xA6,0x0C,0x9D,0x00,0x02,0xBD,0x82,0x02,0x20,0x34,
    /* 49E0 */ 0x68,0x20,0x6D,0x68,0xA6,0x0C,0x9D,0x32,0x02,0xA5,0x38,0x25,0x39,0x10,0x0D,0xA5,
    /* 49F0 */ 0x44,0x29,0x03,0xF0,0x08,0xC9,0x01,0xF0,0x03,0x4C,0x74,0x4B,0x60,0xA5,0x44,0x29,
    /* 4A00 */ 0x04,0x4A,0x4A,0xAA,0x85,0x07,0xF0,0x05,0x2C,0xF1,0x03,0x30,0xEF,0x69,0x21,0xA8,
    /* 4A10 */ 0xA5,0x34,0xC9,0x01,0xD0,0x0A,0x8A,0xF0,0x07,0xA5,0x45,0x29,0xE0,0xF0,0xDD,0x88,
    /* 4A20 */ 0x84,0x08,0xB5,0xB6,0xD0,0x09,0xA5,0x35,0xF0,0x77,0xAD,0x71,0x02,0xD0,0x54,0xBD,
    /* 4A30 */ 0x88,0x03,0x10,0x0D,0xB9,0x51,0x4D,0xA8,0xB9,0x97,0x00,0xF0,0x04,0x30,0x02,0x84,
    /* 4A40 */ 0x08,0xA4,0x08,0xB9,0x97,0x00,0x30,0xB4,0xF0,0xB2,0x24,0x52,0x10,0x12,0xAD,0x6B,
    /* 4A50 */ 0x02,0x0D,0x6C,0x02,0xF0,0x2E,0xAD,0x65,0x02,0x0D,0x66,0x02,0xF0,0x26,0xD0,0x1A,
    /* 4A60 */ 0xA5,0x34,0xF0,0x0C,0xAD,0x6B,0x02,0xF0,0x1B,0xAD,0x65,0x02,0xF0,0x16,0xD0,0x0A,
    /* 4A70 */ 0xBD,0x6B,0x02,0xF0,0x0F,0xBD,0x65,0x02,0xF0,0x0A,0xA5,0xCF,0xF0,0x05,0xCD,0x64,
    /* 4A80 */ 0x02,0xB0,0x01,0x60,0xAD,0xAF,0x03,0x4A,0xF0,0x17,0xAD,0x0A,0x10,0x29,0x07,0xC9,
    /* 4A90 */ 0x01,0x90,0x0E,0xC9,0x03,0xB0,0x08,0xAD,0x64,0x02,0xF0,0xE7,0x4C,0x68,0x6B,0xA5,
    /* 4AA0 */ 0x08,0xB4,0xB6,0xF0,0x01,0x60,0x9D,0xBF,0x03,0xBD,0x6F,0x02,0xD0,0xF7,0xAD,0xBA,
    /* 4AB0 */ 0x03,0x30,0x1D,0xAC,0x64,0x02,0xC0,0x08,0xB0,0xEB,0xA5,0x34,0xF0,0x12,0xA5,0xB6,
    /* 4AC0 */ 0x05,0xB7,0xF0,0x0C,0xBD,0xD4,0x03,0xD0,0x07,0xBD,0xD2,0x03,0xC9,0x3C,0x90,0xD5,
    /* 4AD0 */ 0xAD,0x0A,0x14,0x29,0x40,0x09,0x01,0x95,0xB6,0xE0,0x00,0xD0,0x21,0xA0,0x00,0xA5,
    /* 4AE0 */ 0xB7,0xD0,0x18,0xAD,0x0A,0x14,0x29,0x01,0xD0,0x11,0xAD,0xB7,0x03,0xD0,0x0C,0xA5,
    /* 4AF0 */ 0xCF,0xC9,0x03,0x90,0x06,0xA9,0x41,0x85,0xB6,0xA0,0x80,0x8C,0xF1,0x03,0xA9,0x00,
    /* 4B00 */ 0x9D,0x3F,0x03,0x9D,0xD4,0x02,0x9D,0x71,0x03,0xAD,0x0A,0x10,0x85,0x1C,0x29,0x1F,
    /* 4B10 */ 0xC9,0x18,0x90,0x02,0x29,0x17,0x2C,0xF1,0x03,0x10,0x02,0x29,0x03,0x9D,0x06,0x03,
    /* 4B20 */ 0xFE,0x06,0x03,0xAD,0xAF,0x03,0x4A,0x4A,0xA8,0xC0,0x04,0x90,0x02,0xA0,0x04,0xB9,
    /* 4B30 */ 0x66,0x4C,0x24,0x1C,0x70,0x0B,0xA9,0x1F,0x9D,0xD4,0x02,0xDE,0x3F,0x03,0xB9,0x6B,
    /* 4B40 */ 0x4C,0xBC,0x9D,0x03,0x95,0xD3,0x2C,0xF1,0x03,0x10,0x01,0x0A,0x9D,0x1F,0x02,0x18,
    /* 4B50 */ 0xA5,0xCF,0x69,0x04,0x8D,0xF3,0x03,0xA9,0x3C,0x9D,0x6F,0x02,0xA6,0x07,0xBD,0x69,
    /* 4B60 */ 0x02,0x9D,0x65,0x02,0xBD,0xA5,0x03,0x4A,0x4A,0xDD,0x6B,0x02,0x90,0x03,0x9D,0x6B,
    /* 4B70 */ 0x02,0x60,0x40,0xC0,0xE9,0x02,0xAA,0x86,0x0C,0xA5,0x44,0x29,0xF0,0x0A,0xD0,0x0C,
    /* 4B80 */ 0xAD,0x0A,0x10,0x29,0x03,0xA8,0xB9,0x62,0x4C,0x9D,0x51,0x02,0x2C,0xBA,0x03,0x30,
    /* 4B90 */ 0x07,0xAD,0x64,0x02,0xC9,0x0A,0xB0,0xD9,0xDE,0x67,0x02,0xF0,0x01,0x60,0x2C,0xF1,
    /* 4BA0 */ 0x03,0x10,0x0F,0xBD,0x72,0x4B,0x9D,0xA1,0x02,0xAD,0xF2,0x03,0x9D,0x67,0x02,0x4C,
    /* 4BB0 */ 0x47,0x4C,0xA9,0x10,0xBC,0x9D,0x03,0x10,0x02,0xA9,0x09,0x9D,0x67,0x02,0xBC,0xBF,
    /* 4BC0 */ 0x03,0xC0,0x10,0xB0,0x10,0xA0,0x11,0xB9,0x97,0x00,0xF0,0x02,0x10,0x03,0x88,0xD0,
    /* 4BD0 */ 0xF6,0x98,0x9D,0xBF,0x03,0xB5,0xB6,0x30,0x98,0xF0,0x96,0xB9,0x97,0x00,0xF0,0x91,
    /* 4BE0 */ 0x30,0x8F,0xBD,0x1F,0x02,0xC9,0x80,0x6A,0x85,0x0B,0xB9,0x20,0x03,0x38,0xFD,0x3F,
    /* 4BF0 */ 0x03,0x85,0x0A,0xB9,0xB5,0x02,0xFD,0xD4,0x02,0x06,0x0A,0x2A,0x06,0x0A,0x2A,0x38,
    /* 4C00 */ 0xE5,0x0B,0x48,0xBD,0x51,0x02,0xC9,0x80,0x6A,0x85,0x0B,0xB9,0x52,0x03,0x38,0xFD,
    /* 4C10 */ 0x71,0x03,0x85,0x0A,0xB9,0xE7,0x02,0xFD,0x06,0x03,0x06,0x0A,0x2A,0x06,0x0A,0x2A,
    /* 4C20 */ 0x38,0xE5,0x0B,0xA8,0x68,0xAA,0x20,0xD0,0x67,0xA6,0x0C,0x9D,0xA1,0x02,0xA4,0x45,
    /* 4C30 */ 0xC0,0x30,0xAD,0x0A,0x10,0x29,0x0F,0x90,0x01,0x4A,0x2C,0x0A,0x14,0x10,0x02,0x49,
    /* 4C40 */ 0xFF,0x7D,0xA1,0x02,0x9D,0xA1,0x02,0xBC,0x5E,0x4C,0xBD,0x60,0x4C,0x85,0x0D,0xBD,
    /* 4C50 */ 0x9D,0x03,0x0D,0xF1,0x03,0x10,0x02,0xA9,0x80,0x85,0x0A,0x4C,0xB5,0x4C,0x25,0x27,
    /* 4C60 */ 0x23,0x25,0xF0,0xF8,0x08,0x10,0x10,0x18,0x20,0x28,0x30,0xF0,0xE8,0xE0,0xD8,0xD0,
    /* 4C70 */ 0x24,0x35,0x30,0x06,0xAD,0x0A,0x10,0x4C,0x7D,0x4C,0xBD,0x00,0x09,0x0A,0x0A,0x76,
    /* 4C80 */ 0x49,0x10,0x3C,0xB5,0x49,0x0A,0x30,0x37,0x24,0x51,0x10,0x05,0x20,0x91,0x4C,0xA2,
    /* 4C90 */ 0x01,0xB5,0xB8,0xF0,0x2A,0x30,0x28,0xB5,0x4F,0x29,0x80,0xD0,0x22,0xE8,0xE8,0x86,
    /* 4CA0 */ 0x0C,0xA9,0x80,0x85,0x0A,0xBD,0x6B,0x4D,0x85,0x0D,0xBC,0x69,0x4D,0xBD,0x86,0x03,
    /* 4CB0 */ 0xF0,0x03,0xBC,0x6D,0x4D,0xB9,0x97,0x00,0xF0,0x06,0x88,0xC4,0x0D,0xD0,0xF6,0x60,
    /* 4CC0 */ 0xA9,0x12,0x24,0x0A,0x30,0x01,0x0A,0x99,0x97,0x00,0xBD,0xA1,0x02,0x20,0x31,0x68,
    /* 4CD0 */ 0xC9,0x80,0x6A,0x24,0x0A,0x30,0x03,0xC9,0x80,0x6A,0x85,0x08,0x18,0xA6,0x0C,0x7D,
    /* 4CE0 */ 0x1F,0x02,0x30,0x08,0xC9,0x70,0x90,0x0A,0xA9,0x6F,0xD0,0x06,0xC9,0x91,0xB0,0x02,
    /* 4CF0 */ 0xA9,0x91,0x99,0x00,0x02,0xBD,0xA1,0x02,0x20,0x34,0x68,0xC9,0x80,0x6A,0x24,0x0A,
    /* 4D00 */ 0x30,0x03,0xC9,0x80,0x6A,0x85,0x0B,0xA6,0x0C,0x18,0x7D,0x51,0x02,0x30,0x08,0xC9,
    /* 4D10 */ 0x70,0x90,0x0A,0xA9,0x6F,0xD0,0x06,0xC9,0x91,0xB0,0x02,0xA9,0x91,0x99,0x32,0x02,
    /* 4D20 */ 0xA5,0x08,0xC9,0x80,0x6A,0x18,0x65,0x08,0x18,0x7D,0x3F,0x03,0x99,0x20,0x03,0xA9,
    /* 4D30 */ 0x00,0x7D,0xD4,0x02,0x24,0x08,0x10,0x03,0x18,0x69,0xFF,0x99,0xB5,0x02,0xA5,0x0B,
    /* 4D40 */ 0xC9,0x80,0x6A,0x18,0x65,0x0B,0x18,0x7D,0x71,0x03,0x99,0x52,0x03,0xA9,0x00,0x7D,
    /* 4D50 */ 0x06,0x03,0x24,0x0B,0x10,0x03,0x18,0x69,0xFF,0x99,0xE7,0x02,0xE0,0x02,0xB0,0x03,
    /* 4D60 */ 0x4C,0xD5,0x72,0xD0,0x03,0x4C,0xD9,0x72,0x4C,0xDD,0x72,0x2B,0x2F,0x27,0x2B,0x28,
    /* 4D70 */ 0x2C,0x21,0x22,0x21,0xA9,0xE0,0xA2,0x48,0x20,0x60,0x77,0xA2,0x01,0x20,0x30,0x77,
    /* 4D80 */ 0xA0,0x02,0x20,0x70,0x77,0xA9,0xB3,0xA2,0x38,0x20,0x60,0x77,0xA2,0x02,0x20,0x30,
    /* 4D90 */ 0x77,0xA0,0x03,0x20,0x70,0x77,0xA9,0xAA,0xA2,0x2E,0x20,0x60,0x77,0xA2,0x03,0x20,
    /* 4DA0 */ 0x30,0x77,0xA0,0x04,0x20,0x70,0x77,0xA9,0x96,0xA2,0x24,0x20,0x60,0x77,0xA2,0x04,
    /* 4DB0 */ 0x20,0x30,0x77,0xA0,0x05,0x20,0x70,0x77,0xA9,0xC2,0xA2,0x80,0x20,0xC1,0x8E,0xA9,
    /* 4DC0 */ 0x96,0xA2,0x00,0x20,0xC1,0x8E,0xA9,0x6A,0xA2,0x00,0x4C,0xC1,0x8E,0xA5,0x38,0x25,
    /* 4DD0 */ 0x39,0x10,0x06,0xA9,0x00,0x8D,0xDE,0x03,0x60,0xA5,0x45,0x30,0x0B,0xD0,0xF9,0xA9,
    /* 4DE0 */ 0xFF,0x85,0x38,0x85,0x39,0x4C,0x7E,0x4E,0xAD,0x07,0x09,0x30,0x03,0x20,0x74,0x4D,
    /* 4DF0 */ 0xA2,0x01,0x86,0x13,0x20,0xFB,0x4D,0xA2,0x00,0x86,0x13,0xB5,0x38,0x30,0xD9,0xAD,
    /* 4E00 */ 0x07,0x09,0x10,0x09,0xBD,0x1A,0x4F,0x8D,0xE4,0x03,0x20,0x74,0x4D,0x20,0xA1,0x8E,
    /* 4E10 */ 0xA9,0x00,0x20,0xB8,0x8E,0x2C,0x07,0x09,0x70,0x05,0xAD,0x07,0x09,0x10,0x0C,0xA9,
    /* 4E20 */ 0xF0,0xA2,0x08,0xA4,0x13,0xF0,0x0E,0xA9,0x00,0xF0,0x0A,0xA9,0x14,0xA2,0x04,0xA4,
    /* 4E30 */ 0x13,0xF0,0x02,0xA9,0xD8,0x20,0xC1,0x8E,0xA6,0x13,0xB4,0x38,0x84,0x0A,0x98,0x18,
    /* 4E40 */ 0x75,0x36,0x85,0x0B,0x20,0xFC,0x50,0xA4,0x0A,0xC8,0x20,0xFC,0x50,0xA4,0x0A,0xC8,
    /* 4E50 */ 0xC8,0x20,0xFC,0x50,0xA6,0x13,0xBD,0x00,0x09,0x2A,0x1D,0x00,0x09,0x1D,0x04,0x09,
    /* 4E60 */ 0x2A,0x36,0x49,0xB5,0x49,0x29,0x1F,0xC9,0x07,0xD0,0x4E,0xF6,0x36,0xB5,0x36,0xC9,
    /* 4E70 */ 0x03,0x90,0x2B,0xA9,0xFF,0x95,0x38,0xE0,0x01,0xD0,0x03,0x8D,0xEA,0x03,0xA2,0xF1,
    /* 4E80 */ 0x86,0x45,0xA5,0x38,0x25,0x39,0x10,0x14,0x8E,0xA3,0x03,0x8D,0x00,0x08,0x20,0xF4,
    /* 4E90 */ 0x4F,0x20,0x6F,0x88,0x20,0x5D,0x87,0x20,0xCC,0x76,0x38,0x60,0x18,0x60,0xA6,0x0B,
    /* 4EA0 */ 0xA9,0xF4,0x85,0x45,0xA5,0x13,0xF0,0x0B,0x2C,0xEA,0x03,0x30,0x06,0xA9,0x0B,0x9D,
    /* 4EB0 */ 0x38,0x01,0x60,0xA9,0x0B,0x9D,0x1A,0x01,0x60,0xA5,0x44,0x29,0x07,0xD0,0x58,0xA0,
    /* 4EC0 */ 0xFF,0xBD,0x02,0x09,0x30,0x08,0xBD,0x02,0x09,0x0A,0x10,0x4B,0xA0,0x01,0x98,0xA6,
    /* 4ED0 */ 0x13,0xF0,0x26,0x2C,0xEA,0x03,0x30,0x21,0xA6,0x0B,0x18,0x7D,0x37,0x01,0x30,0x0B,
    /* 4EE0 */ 0xC9,0x0B,0xB0,0x09,0x4A,0xD0,0x0A,0xA9,0x0B,0xD0,0x08,0xA9,0x24,0xC9,0x25,0x90,
    /* 4EF0 */ 0x02,0xA9,0x00,0x9D,0x37,0x01,0xA9,0x00,0x60,0xA6,0x0B,0x18,0x7D,0x19,0x01,0x30,
    /* 4F00 */ 0x0B,0xC9,0x0B,0xB0,0x09,0x4A,0xD0,0x0A,0xA9,0x0B,0xD0,0x08,0xA9,0x24,0xC9,0x25,
    /* 4F10 */ 0x90,0x02,0xA9,0x00,0x9D,0x19,0x01,0xA9,0x00,0x60,0x00,0x80,0xAD,0x0A,0x10,0x29,
    /* 4F20 */ 0x0F,0xE0,0x00,0xD0,0x02,0x09,0x10,0xC9,0x1B,0x90,0x02,0xA9,0x1A,0xC9,0x05,0xB0,
    /* 4F30 */ 0x02,0xA9,0x05,0x9D,0xD6,0x02,0xAD,0x0A,0x10,0x29,0x1F,0xC9,0x13,0x90,0x02,0xA9,
    /* 4F40 */ 0x12,0xC9,0x05,0xB0,0x02,0xA9,0x05,0x9D,0x08,0x03,0x60,0xA2,0x35,0xA9,0x00,0x95,
    /* 4F50 */ 0x00,0xE8,0xE0,0xD9,0xD0,0xF9,0xAA,0x9D,0x00,0x02,0xE8,0xD0,0xFA,0xA2,0xE0,0x9D,
    /* 4F60 */ 0x00,0x03,0xCA,0xD0,0xFA,0x60,0x20,0x4B,0x4F,0x85,0x31,0xA2,0x08,0x95,0x3A,0xCA,
    /* 4F70 */ 0x10,0xFB,0x8D,0x64,0x02,0x8D,0x71,0x02,0x8D,0xF1,0x03,0xA2,0x02,0xA9,0xBF,0x9D,
    /* 4F80 */ 0xE1,0x03,0xCA,0x10,0xFA,0x20,0xDB,0x76,0xA9,0x80,0x85,0x35,0xC6,0x38,0xC6,0x39,
    /* 4F90 */ 0xA9,0x01,0x8D,0xBA,0x03,0xAA,0xA9,0xA0,0x9D,0x69,0x02,0xA9,0x01,0x9D,0x6D,0x02,
    /* 4FA0 */ 0xA9,0x02,0x9D,0x9B,0x03,0xA9,0x00,0x9D,0xAB,0x03,0xA9,0x20,0x9D,0xA7,0x03,0x9D,
    /* 4FB0 */ 0xA9,0x03,0x9D,0xAD,0x03,0x0A,0x0A,0x9D,0xD0,0x03,0x9D,0xA5,0x03,0xCA,0x10,0xD6,
    /* 4FC0 */ 0xA9,0x11,0x8D,0x97,0x03,0xA9,0x15,0x8D,0x98,0x03,0xA9,0xFF,0x8D,0xB5,0x03,0xA6,
    /* 4FD0 */ 0x34,0xBD,0xD1,0x6C,0x85,0x51,0xBD,0xCD,0x6C,0x85,0x52,0xE0,0x01,0xD0,0x0A,0xA9,
    /* 4FE0 */ 0x00,0x8D,0x6E,0x02,0x85,0x48,0xCE,0x89,0x03,0xA9,0x01,0x8D,0xB8,0x03,0x20,0xC0,
    /* 4FF0 */ 0x50,0x20,0xA8,0x73,0xA2,0x50,0xA9,0xC0,0x9D,0x00,0x23,0xCA,0x10,0xFA,0xA2,0x02,
    /* 5000 */ 0xAD,0x07,0x09,0x10,0x08,0xA5,0x34,0xC9,0x03,0xF0,0x02,0xA2,0x03,0x86,0x0D,0xBD,
    /* 5010 */ 0xB0,0x50,0x85,0x01,0xBD,0xAC,0x50,0x85,0x02,0xA6,0x0D,0xF0,0x13,0xE0,0x02,0x90,
    /* 5020 */ 0x04,0x24,0x52,0x10,0x06,0xA4,0x34,0xC0,0x01,0xD0,0x05,0x20,0x42,0x8E,0xD0,0x6A,
    /* 5030 */ 0xA9,0x61,0xA2,0xAF,0x20,0xA5,0x8E,0xAD,0x07,0x09,0x10,0x0B,0xA5,0x34,0xC9,0x03,
    /* 5040 */ 0xF0,0x05,0xA4,0x0D,0xB9,0xBC,0x50,0x8D,0xE4,0x03,0xA6,0x0D,0xBD,0xD1,0x50,0xA8,
    /* 5050 */ 0x20,0x97,0x8E,0xA4,0x0D,0xB9,0xA8,0x50,0xA2,0x5B,0x20,0xC1,0x8E,0xA5,0x0D,0xC9,
    /* 5060 */ 0x02,0x90,0x14,0xA9,0x02,0x20,0xB8,0x8E,0xA0,0x0F,0xB9,0xC4,0x50,0x20,0x73,0x77,
    /* 5070 */ 0xA9,0xE0,0xA2,0xFA,0x20,0xC1,0x8E,0xA4,0x0D,0xB9,0xB4,0x50,0xBE,0xB8,0x50,0x20,
    /* 5080 */ 0x7D,0x8E,0xA4,0x0D,0xB9,0xB4,0x50,0x85,0x02,0xB9,0xB8,0x50,0x85,0x01,0xA9,0x01,
    /* 5090 */ 0x20,0xB8,0x8E,0xA9,0xE4,0xA2,0xFA,0x20,0xC1,0x8E,0xA6,0x0D,0xA5,0x34,0xC9,0x03,
    /* 50A0 */ 0xF0,0x33,0xCA,0x30,0x30,0x4C,0x0D,0x50,0x50,0x9C,0xD0,0xF0,0x23,0x23,0x23,0x23,
    /* 50B0 */ 0x00,0x0A,0x14,0x42,0x23,0x23,0x27,0x27,0x7A,0xBA,0x7A,0x30,0x00,0x80,0x00,0x80,
    /* 50C0 */ 0xA9,0x05,0x85,0xD7,0xA9,0xFB,0x85,0xD8,0xA9,0x03,0x85,0xD5,0xA9,0xFD,0x85,0xD6,
    /* 50D0 */ 0x60,0xE4,0xE2,0xE6,0xE6,0xA0,0x6F,0xA9,0xC0,0x99,0x90,0x22,0x88,0x10,0xFA,0xA9,
    /* 50E0 */ 0xF4,0x8D,0xC4,0x22,0xA9,0xE7,0x8D,0xC8,0x22,0xA9,0xF1,0x8D,0xCC,0x22,0xA9,0x64,
    /* 50F0 */ 0x8D,0xC5,0x22,0x8D,0xC9,0x22,0x8D,0xCD,0x22,0x60,0xA4,0x0F,0xE6,0x0F,0xA5,0x13,
    /* 5100 */ 0xF0,0x0B,0x2C,0xEA,0x03,0x30,0x06,0xB9,0x37,0x01,0x4C,0x10,0x51,0xB9,0x19,0x01,
    /* 5110 */ 0xC9,0x25,0xB0,0x04,0xC9,0x0B,0xB0,0x02,0xA9,0x00,0x0A,0xA8,0xD0,0x22,0xA5,0x38,
    /* 5120 */ 0x25,0x39,0x30,0x1C,0xA9,0xA8,0x2C,0xE4,0x03,0x10,0x02,0xA9,0x1C,0xA2,0x40,0x20,
    /* 5130 */ 0xA5,0x8E,0xA9,0x04,0x2C,0xE4,0x03,0x10,0x02,0xA9,0x38,0xA2,0x40,0x4C,0xA5,0x8E,
    /* 5140 */ 0xBE,0x4B,0x32,0xB9,0x4A,0x32,0x2C,0xE4,0x03,0x10,0x06,0xBE,0x59,0x34,0xB9,0x58,
    /* 5150 */ 0x34,0x4C,0xA5,0x8E,0x02,0x03,0x04,0x05,0x06,0x07,0x08,0x08,0x08,0x08,0x08,0x08,
    /* 5160 */ 0x08,0x08,0x08,0x08,0x03,0x04,0x05,0x06,0x07,0x08,0x09,0x0A,0x0B,0x0C,0x0C,0x0C,
    /* 5170 */ 0x0C,0x0C,0x0C,0x0C,0xAD,0xB7,0x03,0xF0,0x30,0x24,0x52,0x10,0x2C,0xBD,0x08,0x03,
    /* 5180 */ 0x38,0xED,0x09,0x03,0x20,0x4B,0x68,0xC9,0x0C,0xB0,0x08,0xAD,0x8C,0x03,0x29,0xBF,
    /* 5190 */ 0x8D,0x8C,0x03,0xBD,0xD6,0x02,0x38,0xED,0xD7,0x02,0x20,0x4B,0x68,0xC9,0x10,0xB0,
    /* 51A0 */ 0x08,0xAD,0x8C,0x03,0x29,0x7F,0x8D,0x8C,0x03,0xA9,0x00,0x8D,0xDF,0x03,0xA2,0x2F,
    /* 51B0 */ 0x86,0x0C,0xB5,0x97,0xD0,0x04,0xCA,0x10,0xF7,0x60,0x10,0x7A,0x20,0x4D,0x68,0x4A,
    /* 51C0 */ 0x4A,0x4A,0x4A,0xE0,0x21,0x90,0x0B,0xE0,0x23,0xB0,0x08,0xA5,0x44,0x29,0x01,0x4A,
    /* 51D0 */ 0xF0,0x01,0x38,0x75,0x97,0x30,0x5D,0xE0,0x19,0xB0,0x52,0xE0,0x11,0x90,0x05,0xCE,
    /* 51E0 */ 0xB6,0x03,0x10,0x49,0xCE,0x64,0x02,0xD0,0x44,0xA9,0x00,0x85,0x53,0xA0,0x7F,0x8C,
    /* 51F0 */ 0x71,0x02,0xA5,0x35,0xF0,0x37,0xA9,0xFF,0x85,0x54,0x18,0xAD,0xAF,0x03,0x65,0xCF,
    /* 5200 */ 0x4A,0x4A,0xA8,0xC0,0x0F,0x90,0x02,0xA0,0x0F,0x2C,0x8D,0x03,0x30,0x1F,0xB9,0x54,
    /* 5210 */ 0x51,0x8D,0xBD,0x03,0xB9,0x64,0x51,0x8D,0xBE,0x03,0x24,0x52,0x10,0x05,0xA9,0xFF,
    /* 5220 */ 0x8D,0x8C,0x03,0xA9,0x60,0x8D,0xB7,0x03,0xA9,0xFF,0x8D,0xE9,0x03,0xA9,0x00,0x95,
    /* 5230 */ 0x97,0x4C,0xB6,0x51,0x95,0x97,0x18,0xA0,0x00,0xBD,0x00,0x02,0x10,0x01,0x88,0x7D,
    /* 5240 */ 0x20,0x03,0x85,0x03,0x98,0x7D,0xB5,0x02,0xC9,0x20,0x90,0x5D,0x85,0x04,0xE0,0x11,
    /* 5250 */ 0x90,0x72,0xE0,0x24,0xB0,0x7F,0xE0,0x1F,0x90,0x52,0xE0,0x21,0xB0,0x22,0x2C,0xF1,
    /* 5260 */ 0x03,0x10,0x17,0x48,0xAD,0xF3,0x03,0x69,0x01,0xC9,0x12,0xB0,0x03,0x8D,0xF3,0x03,
    /* 5270 */ 0x68,0x24,0x53,0x30,0x05,0xAC,0xB7,0x03,0xF0,0x4A,0x20,0xEB,0x53,0x4C,0xB6,0x51,
    /* 5280 */ 0xEE,0xDF,0x03,0xAD,0xB7,0x03,0xF0,0x4D,0x2C,0x8C,0x03,0x30,0x48,0xE0,0x23,0xF0,
    /* 5290 */ 0x03,0x20,0x3C,0x54,0x20,0x4B,0x54,0x20,0x5D,0x54,0x24,0x04,0x30,0x06,0xA9,0x1F,
    /* 52A0 */ 0xA0,0xFF,0xD0,0x03,0xA9,0x00,0xA8,0x84,0x03,0x4C,0xD9,0x52,0xE0,0x19,0x90,0x06,
    /* 52B0 */ 0x24,0x54,0x10,0x23,0x30,0x18,0xBD,0x7E,0x03,0x6A,0xB0,0x0F,0x2A,0x30,0x16,0x20,
    /* 52C0 */ 0xC7,0x53,0x10,0x11,0x24,0x53,0x10,0x0F,0x4C,0xB6,0x51,0xCE,0xB6,0x03,0xA9,0x00,
    /* 52D0 */ 0x95,0x97,0x4C,0xB6,0x51,0xA5,0x04,0x29,0x1F,0x85,0x04,0x18,0xA0,0x00,0xBD,0x32,
    /* 52E0 */ 0x02,0x10,0x01,0x88,0x7D,0x52,0x03,0x85,0x05,0x98,0x7D,0xE7,0x02,0xC9,0x18,0x90,
    /* 52F0 */ 0x66,0x85,0x06,0xE0,0x11,0x90,0x52,0xE0,0x1F,0x90,0x36,0xEE,0xDF,0x03,0xAD,0xB7,
    /* 5300 */ 0x03,0xF0,0x4A,0x2C,0x8C,0x03,0x70,0x45,0xE0,0x23,0xF0,0x0E,0xE0,0x23,0xB0,0x3D,
    /* 5310 */ 0xE0,0x21,0x90,0x39,0x20,0x2C,0x54,0x20,0x4B,0x54,0x20,0x78,0x54,0x24,0x06,0x30,
    /* 5320 */ 0x06,0xA9,0x17,0xA0,0xFF,0xD0,0x03,0xA9,0x00,0xA8,0x85,0x06,0x84,0x05,0x4C,0x57,
    /* 5330 */ 0x53,0xE0,0x19,0x90,0x06,0x24,0x54,0x10,0x14,0x30,0x93,0xBD,0x7E,0x03,0x6A,0xB0,
    /* 5340 */ 0x8A,0x2A,0x30,0x09,0x20,0xC7,0x53,0x10,0x04,0x24,0x53,0x30,0x85,0xA5,0x06,0x10,
    /* 5350 */ 0x04,0xA9,0x17,0xD0,0x02,0xA9,0x00,0x2C,0xF1,0x03,0x10,0x27,0xE0,0x1F,0xD0,0x23,
    /* 5360 */ 0xC9,0x01,0xF0,0x11,0x90,0x57,0x85,0x13,0x18,0x6D,0xF3,0x03,0xC9,0x17,0xF0,0x05,
    /* 5370 */ 0x90,0x0F,0xDE,0xE7,0x02,0xBD,0x52,0x03,0x85,0x05,0xBD,0xE7,0x02,0x85,0x06,0xD0,
    /* 5380 */ 0x0C,0xA5,0x13,0x9D,0xE7,0x02,0x85,0x06,0xA5,0x05,0x9D,0x52,0x03,0xA5,0x03,0x9D,
    /* 5390 */ 0x20,0x03,0xA5,0x04,0x9D,0xB5,0x02,0xE0,0x23,0xF0,0x1F,0x2C,0xF6,0x03,0x10,0x15,
    /* 53A0 */ 0xBD,0xE7,0x02,0xD5,0x97,0x90,0x0E,0xA9,0x00,0x9D,0x32,0x02,0xA9,0xA0,0x95,0x97,
    /* 53B0 */ 0x20,0xE5,0x72,0xA6,0x0C,0x20,0x6D,0x5D,0xA6,0x0C,0x4C,0xB6,0x51,0xFE,0xE7,0x02,
    /* 53C0 */ 0x4C,0x75,0x53,0x40,0x40,0x80,0x80,0xBC,0xB0,0x03,0xA9,0x80,0x9D,0x7E,0x03,0xB9,
    /* 53D0 */ 0x86,0x03,0x9D,0x74,0x02,0xB9,0x88,0x03,0x95,0x97,0x60,0x86,0x07,0xA9,0x30,0x20,
    /* 53E0 */ 0x68,0x5F,0xA6,0x07,0x20,0xE5,0x72,0xA9,0xA0,0xD0,0x02,0xA9,0x00,0x95,0x97,0xA9,
    /* 53F0 */ 0x00,0x8D,0xF1,0x03,0xBD,0xDC,0x53,0xAA,0x4C,0x5E,0x4B,0x00,0x01,0x84,0x1C,0xA2,
    /* 5400 */ 0x02,0xBD,0xBE,0x03,0xC5,0x1C,0xD0,0x04,0xB5,0xB5,0xD0,0x13,0xCA,0xD0,0xF2,0xA2,
    /* 5410 */ 0x08,0xBD,0xC0,0x03,0xC5,0x1C,0xD0,0x04,0xB5,0xA7,0xD0,0x03,0xCA,0xD0,0xF2,0x60,
    /* 5420 */ 0xA9,0x00,0xA0,0x07,0x19,0xA8,0x00,0x88,0x10,0xFA,0xA8,0x60,0xA9,0x00,0x38,0xF5,
    /* 5430 */ 0x2C,0x95,0x2C,0xA9,0x00,0xFD,0x32,0x02,0x9D,0x32,0x02,0x60,0xA9,0x00,0x38,0xF5,
    /* 5440 */ 0x2A,0x95,0x2A,0xA9,0x00,0xFD,0x00,0x02,0x9D,0x00,0x02,0xA9,0x00,0x38,0xED,0x85,
    /* 5450 */ 0x03,0x8D,0x85,0x03,0xA9,0x00,0xED,0x84,0x03,0x8D,0x84,0x03,0x60,0xA5,0x04,0x4D,
    /* 5460 */ 0x23,0x02,0x30,0x11,0xA9,0x00,0x38,0xED,0x86,0x03,0x8D,0x86,0x03,0xA9,0x00,0xED,
    /* 5470 */ 0x23,0x02,0x8D,0x23,0x02,0x4C,0x90,0x54,0xA5,0x06,0x4D,0x55,0x02,0x30,0x11,0xA9,
    /* 5480 */ 0x00,0x38,0xED,0x87,0x03,0x8D,0x87,0x03,0xA9,0x00,0xED,0x55,0x02,0x8D,0x55,0x02,
    /* 5490 */ 0xA2,0x01,0x20,0xE9,0x5B,0x10,0x03,0x20,0xFD,0x5B,0xCA,0x10,0xF5,0xA6,0x0C,0x60,
    /* 54A0 */ 0x68,0x86,0x0C,0x24,0x52,0x30,0x31,0xB5,0xB8,0x10,0x03,0x4C,0xC6,0x55,0xF0,0x03,
    /* 54B0 */ 0x4C,0x5A,0x55,0xBD,0x6D,0x02,0xF0,0x1F,0xDE,0x6D,0x02,0xD0,0x1A,0xAD,0xB7,0x03,
    /* 54C0 */ 0xD0,0x10,0x20,0x1C,0x4F,0x20,0x16,0x59,0xD0,0x08,0xBC,0x71,0x4D,0x20,0xFD,0x53,
    /* 54D0 */ 0xF0,0x0D,0xA6,0x0C,0xFE,0x6D,0x02,0x60,0xE0,0x00,0xF0,0xFB,0x4C,0xCE,0x57,0xA6,
    /* 54E0 */ 0x0C,0xA9,0x00,0x9D,0x21,0x02,0x9D,0x53,0x02,0xA5,0x34,0xC9,0x01,0xD0,0x0B,0xB5,
    /* 54F0 */ 0x47,0xF0,0xE1,0xA9,0x00,0x8D,0x8D,0x03,0xF0,0x18,0xBD,0xBB,0x03,0x10,0x05,0xBD,
    /* 5500 */ 0x88,0x03,0x10,0x1E,0xB5,0x47,0xD0,0x0A,0xBC,0x72,0x4D,0xB9,0x67,0x03,0x30,0xC2,
    /* 5510 */ 0x10,0x10,0x24,0x35,0x10,0x02,0xD6,0x47,0xA9,0xBF,0x9D,0xE1,0x03,0xA9,0x00,0x9D,
    /* 5520 */ 0x88,0x03,0xA9,0xF0,0x9D,0x73,0x02,0xA9,0x02,0x95,0xB8,0xA9,0x00,0x85,0x53,0x8D,
    /* 5530 */ 0xBD,0x03,0x8D,0xBE,0x03,0xBD,0xA5,0x03,0x18,0x69,0x10,0xB0,0x06,0x9D,0xA5,0x03,
    /* 5540 */ 0x9D,0x6B,0x02,0xA9,0x7F,0x9D,0x65,0x02,0xA9,0x10,0xE0,0x01,0xF0,0x06,0x8D,0xE7,
    /* 5550 */ 0x03,0x4C,0xC9,0x72,0x8D,0xE8,0x03,0x4C,0xC5,0x72,0x8A,0x45,0x44,0x4A,0xB0,0x65,
    /* 5560 */ 0x24,0x35,0x30,0x07,0xA5,0x44,0x0A,0x0A,0x4C,0x6E,0x55,0xBD,0x04,0x09,0x10,0x56,
    /* 5570 */ 0x20,0xE9,0x72,0xA9,0x00,0x85,0x07,0xBD,0xA3,0x02,0x20,0x31,0x68,0x0A,0x90,0x02,
    /* 5580 */ 0xC6,0x07,0xA6,0x0C,0xBC,0x88,0x03,0xD0,0x03,0x0A,0x26,0x07,0x18,0x75,0x4B,0x95,
    /* 5590 */ 0x4B,0xA5,0x07,0x7D,0x21,0x02,0x20,0x0D,0x56,0x9D,0x21,0x02,0xA9,0x00,0x85,0x07,
    /* 55A0 */ 0xBD,0xA3,0x02,0x20,0x34,0x68,0x0A,0x90,0x02,0xC6,0x07,0xA6,0x0C,0xBC,0x88,0x03,
    /* 55B0 */ 0xD0,0x03,0x0A,0x26,0x07,0x18,0x75,0x4D,0x95,0x4D,0xA5,0x07,0x7D,0x53,0x02,0x20,
    /* 55C0 */ 0x0D,0x56,0x9D,0x53,0x02,0x60,0xA0,0x00,0xB5,0x4B,0x85,0x1C,0x1D,0x21,0x02,0xF0,
    /* 55D0 */ 0x18,0xBD,0x21,0x02,0x26,0x1C,0x2A,0x49,0xFF,0x38,0x10,0x02,0x88,0x18,0x75,0x4B,
    /* 55E0 */ 0x95,0x4B,0x98,0x7D,0x21,0x02,0x9D,0x21,0x02,0xA0,0x00,0xB5,0x4D,0x85,0x1C,0x1D,
    /* 55F0 */ 0x53,0x02,0xF0,0x18,0xBD,0x53,0x02,0x26,0x1C,0x2A,0x38,0x49,0xFF,0x10,0x02,0x88,
    /* 5600 */ 0x18,0x75,0x4D,0x95,0x4D,0x98,0x7D,0x53,0x02,0x9D,0x53,0x02,0x60,0x30,0x07,0xC9,
    /* 5610 */ 0x40,0x90,0x09,0xA9,0x3F,0x60,0xC9,0xC0,0xB0,0x02,0xA9,0xC0,0x60,0x8A,0xD0,0x4C,
    /* 5620 */ 0xAD,0x6E,0x02,0xD0,0x47,0xA0,0x00,0x98,0x38,0xED,0xA1,0x03,0x0A,0x90,0x01,0x88,
    /* 5630 */ 0x18,0x6D,0x43,0x03,0x8D,0x41,0x03,0x98,0x6D,0xD8,0x02,0x8D,0xD6,0x02,0xA0,0x00,
    /* 5640 */ 0x98,0x38,0xED,0xA2,0x03,0x0A,0x90,0x01,0x88,0x18,0x6D,0x75,0x03,0x8D,0x73,0x03,
    /* 5650 */ 0x98,0x6D,0x0A,0x03,0x8D,0x08,0x03,0xAD,0x23,0x02,0x38,0xED,0x9F,0x03,0x8D,0x21,
    /* 5660 */ 0x02,0xAD,0x55,0x02,0x38,0xED,0xA0,0x03,0x8D,0x53,0x02,0x60,0xAD,0xB3,0x02,0xE0,
    /* 5670 */ 0x00,0xF0,0x02,0x49,0x80,0x85,0x16,0x20,0x31,0x68,0x8D,0xA1,0x03,0xA0,0x00,0x0A,
    /* 5680 */ 0x90,0x01,0x88,0xA6,0x0C,0x18,0x6D,0x43,0x03,0x9D,0x41,0x03,0x98,0x6D,0xD8,0x02,
    /* 5690 */ 0x9D,0xD6,0x02,0xAD,0xA1,0x03,0x85,0x07,0xAD,0x84,0x03,0x20,0x53,0x68,0x0A,0x85,
    /* 56A0 */ 0x1C,0x0A,0x18,0x65,0x1C,0xA6,0x0C,0x8D,0xA0,0x03,0x18,0x6D,0x55,0x02,0x9D,0x53,
    /* 56B0 */ 0x02,0xA5,0x16,0x20,0x34,0x68,0xA6,0x0C,0x8D,0xA2,0x03,0xA0,0x00,0x0A,0x90,0x01,
    /* 56C0 */ 0x88,0x18,0x6D,0x75,0x03,0x9D,0x73,0x03,0x98,0x6D,0x0A,0x03,0x9D,0x08,0x03,0xAD,
    /* 56D0 */ 0xA2,0x03,0x20,0x4D,0x68,0x85,0x07,0xAD,0x84,0x03,0x20,0x53,0x68,0x0A,0x85,0x1C,
    /* 56E0 */ 0x0A,0x18,0x65,0x1C,0xA6,0x0C,0x18,0x8D,0x9F,0x03,0x6D,0x23,0x02,0x9D,0x21,0x02,
    /* 56F0 */ 0x60,0xAD,0xB3,0x02,0xE0,0x00,0xF0,0x02,0x49,0x80,0x85,0x16,0xA9,0x28,0x85,0x07,
    /* 5700 */ 0xBD,0xA3,0x02,0x38,0xE5,0x16,0x85,0x13,0x20,0x34,0x68,0x85,0x15,0x20,0x6D,0x68,
    /* 5710 */ 0xA0,0x00,0xAA,0x10,0x01,0x88,0x18,0x6D,0x85,0x03,0x8D,0x85,0x03,0x98,0x6D,0x84,
    /* 5720 */ 0x03,0x8D,0x84,0x03,0xA9,0xF0,0x85,0x07,0xA5,0x15,0x20,0x6D,0x68,0x85,0x14,0x85,
    /* 5730 */ 0x07,0xA5,0x16,0x20,0x31,0x68,0x20,0x53,0x68,0xA0,0x00,0x0A,0x10,0x01,0x88,0x18,
    /* 5740 */ 0x6D,0x87,0x03,0x8D,0x87,0x03,0x98,0x6D,0x55,0x02,0x20,0x0D,0x56,0x8D,0x55,0x02,
    /* 5750 */ 0xA5,0x14,0x85,0x07,0xA5,0x16,0x18,0x69,0x40,0x20,0x31,0x68,0x20,0x53,0x68,0xA0,
    /* 5760 */ 0x00,0x0A,0x10,0x01,0x88,0x18,0x6D,0x86,0x03,0x8D,0x86,0x03,0x98,0x6D,0x23,0x02,
    /* 5770 */ 0x20,0x0D,0x56,0x8D,0x23,0x02,0xA9,0xF0,0x85,0x07,0xA5,0x13,0x20,0x31,0x68,0x20,
    /* 5780 */ 0x6D,0x68,0x85,0x14,0x85,0x07,0xA5,0x16,0x20,0x31,0x68,0x20,0x53,0x68,0xA0,0x00,
    /* 5790 */ 0x06,0x0A,0x2A,0x10,0x01,0x88,0x18,0x6D,0x86,0x03,0x8D,0x86,0x03,0x98,0x6D,0x23,
    /* 57A0 */ 0x02,0x20,0x0D,0x56,0x8D,0x23,0x02,0xA5,0x14,0x85,0x07,0xA5,0x16,0x20,0x34,0x68,
    /* 57B0 */ 0x20,0x53,0x68,0xA0,0x00,0x06,0x0A,0x2A,0x10,0x01,0x88,0x18,0x6D,0x87,0x03,0x8D,
    /* 57C0 */ 0x87,0x03,0x98,0x6D,0x55,0x02,0x20,0x0D,0x56,0x8D,0x55,0x02,0x60,0x60,0xA5,0xB8,
    /* 57D0 */ 0x05,0xB9,0xD0,0x64,0xA5,0x47,0xF0,0xF5,0xAD,0x6D,0x02,0x0D,0x6E,0x02,0xF0,0xED,
    /* 57E0 */ 0xAD,0x6D,0x02,0xF0,0x03,0xCE,0x6D,0x02,0xAD,0x6E,0x02,0xF0,0x03,0xCE,0x6E,0x02,
    /* 57F0 */ 0xAD,0x6D,0x02,0x0D,0x6E,0x02,0xD0,0x17,0x20,0xD7,0x5A,0xA2,0x02,0xA0,0x20,0x20,
    /* 5800 */ 0x18,0x59,0xD0,0x05,0x20,0x20,0x54,0xF0,0x07,0xEE,0x6D,0x02,0xEE,0x6E,0x02,0x60,
    /* 5810 */ 0x24,0x35,0x10,0x04,0xC6,0x47,0xC6,0x48,0xA9,0xBF,0x8D,0xE3,0x03,0xA9,0x02,0x85,
    /* 5820 */ 0xB8,0x85,0xB9,0x85,0xBA,0xA9,0x00,0x85,0x53,0x8D,0x8D,0x03,0x8D,0xB7,0x03,0x8D,
    /* 5830 */ 0xBE,0x03,0x8D,0xBD,0x03,0x20,0xC6,0x5A,0xAD,0xCF,0x03,0x10,0x15,0xA2,0x01,0xB5,
    /* 5840 */ 0xB8,0xD0,0x0C,0xBD,0x88,0x03,0xF0,0x07,0xA9,0x02,0x95,0xB8,0x9D,0xE7,0x03,0xCA,
    /* 5850 */ 0x10,0xED,0xA2,0x01,0x86,0x0C,0xBD,0x6D,0x02,0xD0,0x2B,0x24,0x51,0x10,0x05,0x18,
    /* 5860 */ 0xA2,0x00,0xF0,0x04,0x8A,0x45,0x44,0x4A,0x24,0x35,0x30,0x06,0xAD,0x0A,0x14,0x4C,
    /* 5870 */ 0x75,0x58,0xBD,0x04,0x09,0xB0,0x0A,0x10,0x08,0x20,0xF1,0x56,0xA6,0x0C,0x20,0xE9,
    /* 5880 */ 0x72,0xA6,0x0C,0x20,0x1D,0x56,0xA6,0x0C,0xCA,0x10,0xC9,0xAD,0x85,0x03,0x18,0x6D,
    /* 5890 */ 0xB4,0x02,0x8D,0xB4,0x02,0xAD,0x84,0x03,0x6D,0xB3,0x02,0x8D,0xB3,0x02,0xAD,0x04,
    /* 58A0 */ 0x09,0x24,0x51,0x30,0x03,0x0D,0x05,0x09,0x0A,0x90,0x01,0x60,0xA0,0x00,0xAD,0x86,
    /* 58B0 */ 0x03,0x85,0x1C,0x0D,0x23,0x02,0xF0,0x17,0xAD,0x23,0x02,0x49,0xFF,0x38,0x10,0x02,
    /* 58C0 */ 0x88,0x18,0x6D,0x86,0x03,0x8D,0x86,0x03,0x98,0x6D,0x23,0x02,0x8D,0x23,0x02,0xA0,
    /* 58D0 */ 0x00,0xAD,0x87,0x03,0x85,0x1C,0x0D,0x55,0x02,0xF0,0x17,0xAD,0x55,0x02,0x38,0x49,
    /* 58E0 */ 0xFF,0x10,0x02,0x88,0x18,0x6D,0x87,0x03,0x8D,0x87,0x03,0x98,0x6D,0x55,0x02,0x8D,
    /* 58F0 */ 0x55,0x02,0xA0,0x00,0xAD,0x85,0x03,0x85,0x1C,0x0D,0x84,0x03,0xF0,0x17,0xAD,0x84,
    /* 5900 */ 0x03,0x49,0xFF,0x38,0x10,0x02,0x88,0x18,0x6D,0x85,0x03,0x8D,0x85,0x03,0x98,0x6D,
    /* 5910 */ 0x84,0x03,0x8D,0x84,0x03,0x60,0xA0,0x22,0xB9,0x97,0x00,0xF0,0x46,0xB9,0xB5,0x02,
    /* 5920 */ 0x38,0xFD,0xD6,0x02,0xC9,0x08,0x90,0x0F,0xC9,0xF9,0x90,0x37,0xC9,0xFD,0xB0,0x10,
    /* 5930 */ 0xB9,0x00,0x02,0x30,0x2E,0x10,0x09,0xC9,0x04,0x90,0x05,0xB9,0x00,0x02,0x10,0x23,
    /* 5940 */ 0xB9,0xE7,0x02,0x38,0xFD,0x08,0x03,0xC9,0x08,0x90,0x0F,0xC9,0xF9,0x90,0x14,0xC9,
    /* 5950 */ 0xFD,0xB0,0x13,0xB9,0x32,0x02,0x30,0x0B,0x10,0x0C,0xC9,0x04,0x90,0x08,0xB9,0x32,
    /* 5960 */ 0x02,0x30,0x03,0x88,0x10,0xB2,0xC8,0x60,0x03,0x06,0x09,0x0C,0x0F,0x15,0x18,0x1B,
    /* 5970 */ 0x1E,0x00,0x00,0x00,0x00,0x00,0x00,0x24,0xDC,0x10,0x1C,0x8A,0x29,0x0F,0xA8,0xB9,
    /* 5980 */ 0x67,0x59,0x9D,0xB5,0x02,0xA9,0x10,0x9D,0xE7,0x02,0xA9,0x00,0x9D,0x00,0x02,0x9D,
    /* 5990 */ 0x32,0x02,0x9D,0x20,0x03,0xF0,0x25,0x20,0x5E,0x5B,0xAD,0x0A,0x10,0x4A,0x29,0x1F,
    /* 59A0 */ 0x90,0x12,0xC9,0x18,0x90,0x02,0x29,0x17,0x9D,0xE7,0x02,0xA9,0x00,0x9D,0xB5,0x02,
    /* 59B0 */ 0x9D,0x20,0x03,0x60,0x9D,0xB5,0x02,0xA9,0x00,0x9D,0xE7,0x02,0x9D,0x52,0x03,0x60,
    /* 59C0 */ 0xA5,0x43,0xD0,0xFB,0xA5,0x35,0x30,0x0C,0xA5,0x45,0x29,0x07,0x0D,0xA3,0x03,0xD0,
    /* 59D0 */ 0xEE,0x4C,0x01,0x5A,0x20,0x20,0x54,0xD0,0xE6,0xAD,0xBD,0x03,0x0D,0xBE,0x03,0xF0,
    /* 59E0 */ 0x05,0xAD,0xB7,0x03,0xD0,0xD9,0xA9,0x03,0xCD,0xB7,0x03,0xB0,0x03,0x8D,0xB7,0x03,
    /* 59F0 */ 0xAD,0xB7,0x03,0xD0,0xCA,0xA5,0x34,0xF0,0x08,0xAD,0x6D,0x02,0x0D,0x6E,0x02,0xD0,
    /* 5A00 */ 0xBE,0xA9,0x00,0x24,0x35,0x30,0x04,0xA5,0xDC,0x49,0x80,0x85,0xDC,0x24,0xDC,0x10,
    /* 5A10 */ 0x09,0xA9,0x00,0xA2,0x10,0x95,0xB6,0xCA,0x10,0xFB,0xA9,0xFF,0x85,0x17,0xEE,0xAF,
    /* 5A20 */ 0x03,0x18,0xA5,0xCF,0xA6,0xD2,0x7D,0xAD,0x5B,0xC9,0x09,0x90,0x02,0xA9,0x09,0x85,
    /* 5A30 */ 0xCF,0xA5,0x35,0xD0,0x16,0xA9,0x07,0x24,0xDC,0x30,0x02,0xA9,0x01,0x85,0xCF,0x8D,
    /* 5A40 */ 0xAF,0x03,0xA2,0x05,0xA9,0x00,0x95,0xB0,0xCA,0x10,0xFB,0xA5,0xCF,0x18,0x69,0x02,
    /* 5A50 */ 0xAA,0x8D,0x64,0x02,0xA0,0x00,0x98,0xA2,0x10,0x95,0x97,0xCA,0x10,0xFB,0x8D,0xF8,
    /* 5A60 */ 0x03,0xAE,0x64,0x02,0x8C,0x00,0x02,0x8C,0x32,0x02,0x20,0xDD,0x6F,0x09,0x04,0x95,
    /* 5A70 */ 0x97,0x20,0x77,0x59,0xCA,0xD0,0xF3,0xA9,0x00,0x85,0x53,0x8D,0x8D,0x03,0xA5,0xCF,
    /* 5A80 */ 0x38,0xE9,0x01,0xF0,0x0D,0x85,0x07,0xA9,0x00,0x85,0x54,0x20,0x2D,0x67,0xC6,0x07,
    /* 5A90 */ 0xD0,0xF9,0xAD,0xAF,0x03,0xA8,0xA6,0xD2,0x3D,0xB1,0x5B,0xD0,0x29,0x18,0xA5,0xD7,
    /* 5AA0 */ 0x7D,0xA5,0x5B,0xC9,0x3F,0xB0,0x08,0x85,0xD7,0x49,0xFF,0x69,0x01,0x85,0xD8,0x98,
    /* 5AB0 */ 0x3D,0xB5,0x5B,0xD0,0x11,0xA5,0xD5,0x7D,0xA9,0x5B,0xC9,0x30,0xB0,0x08,0x85,0xD5,
    /* 5AC0 */ 0x49,0xFF,0x69,0x01,0x85,0xD6,0xA2,0x01,0xBD,0xA5,0x03,0x9D,0x6B,0x02,0xA9,0x7F,
    /* 5AD0 */ 0x9D,0x65,0x02,0xCA,0x10,0xF2,0x60,0xA9,0x00,0x8D,0xB3,0x02,0x8D,0x85,0x03,0x8D,
    /* 5AE0 */ 0x84,0x03,0x8D,0x23,0x02,0x8D,0x55,0x02,0xA9,0x80,0x8D,0xB4,0x02,0x8D,0x86,0x03,
    /* 5AF0 */ 0x8D,0x87,0x03,0x8D,0xCF,0x03,0xA9,0xF0,0x8D,0x73,0x02,0x8D,0x74,0x02,0xA2,0x02,
    /* 5B00 */ 0xA9,0x00,0x9D,0x41,0x03,0x9D,0x73,0x03,0x8D,0x88,0x03,0x8D,0x89,0x03,0xA9,0x10,
    /* 5B10 */ 0x9D,0xD6,0x02,0xA9,0x0C,0x9D,0x08,0x03,0xE0,0x02,0xD0,0x0E,0xA9,0x50,0x8D,0xE7,
    /* 5B20 */ 0x03,0x8D,0xE8,0x03,0x20,0xC9,0x72,0x4C,0xC5,0x72,0x60,0xB9,0x20,0x03,0x9D,0x20,
    /* 5B30 */ 0x03,0xB9,0xB5,0x02,0x9D,0xB5,0x02,0xB9,0x52,0x03,0x9D,0x52,0x03,0xB9,0xE7,0x02,
    /* 5B40 */ 0x9D,0xE7,0x02,0xB9,0x00,0x02,0x9D,0x32,0x02,0x9D,0x32,0x02,0xB9,0x97,0x00,0x24,
    /* 5B50 */ 0xDC,0x30,0x09,0x29,0x07,0x85,0x07,0x20,0xDD,0x6F,0x05,0x07,0x95,0x97,0xAD,0x0A,
    /* 5B60 */ 0x10,0x29,0xBF,0x10,0x02,0x09,0xF0,0x18,0x79,0x00,0x02,0x20,0x85,0x5B,0x9D,0x00,
    /* 5B70 */ 0x02,0xAD,0x0A,0x10,0x29,0xBF,0x10,0x02,0x09,0xF0,0x18,0x79,0x32,0x02,0x20,0x85,
    /* 5B80 */ 0x5B,0x9D,0x32,0x02,0x60,0x10,0x0D,0xC5,0xD8,0xB0,0x02,0xA5,0xD8,0xC5,0xD6,0x90,
    /* 5B90 */ 0x02,0xA5,0xD6,0x60,0xC5,0xD7,0x90,0x02,0xA5,0xD7,0xC5,0xD5,0xB0,0x02,0xA5,0xD5,
    /* 5BA0 */ 0x60,0x10,0xF7,0x30,0xE8,0x02,0x04,0x05,0x06,0x01,0x03,0x04,0x05,0x01,0x01,0x02,
    /* 5BB0 */ 0x02,0x03,0x01,0x01,0x00,0x07,0x03,0x01,0x00,0xA2,0x01,0xB5,0x4F,0x29,0x7F,0x95,
    /* 5BC0 */ 0x4F,0x20,0xE9,0x5B,0x10,0x1F,0xB4,0xB8,0xF0,0x1B,0x30,0x19,0xBC,0x73,0x02,0xF0,
    /* 5BD0 */ 0x14,0x09,0x80,0x95,0x4F,0xE0,0x01,0xF0,0x06,0x20,0xCD,0x72,0x4C,0xE2,0x5B,0x20,
    /* 5BE0 */ 0xD1,0x72,0x20,0xFD,0x5B,0xCA,0x10,0xD3,0x60,0x24,0x35,0x10,0x0F,0xA4,0x34,0xC0,
    /* 5BF0 */ 0x03,0xD0,0x06,0xAC,0x00,0x09,0x4C,0xFC,0x5B,0xBC,0x00,0x09,0x60,0xA5,0x34,0xC9,
    /* 5C00 */ 0x02,0x90,0x09,0xBD,0x75,0x02,0x38,0xE9,0x18,0x4C,0x12,0x5C,0xBD,0x75,0x02,0x38,
    /* 5C10 */ 0xE9,0x30,0x9D,0x75,0x02,0xBD,0x73,0x02,0xE9,0x00,0xC9,0x18,0xB0,0x02,0xA9,0x00,
    /* 5C20 */ 0x9D,0x73,0x02,0x60,0xA0,0x03,0x38,0x20,0x1C,0x87,0xA9,0x00,0x20,0x55,0x8E,0xA6,
    /* 5C30 */ 0x0C,0xBD,0xE1,0x03,0x0A,0x30,0x48,0x24,0x52,0x10,0x06,0xE0,0x02,0xD0,0x3D,0xA2,
    /* 5C40 */ 0x00,0xB5,0x47,0xF0,0x37,0x30,0x35,0x85,0x07,0xA5,0x34,0xC9,0x03,0xD0,0x03,0x8D,
    /* 5C50 */ 0xE4,0x03,0xA2,0xA8,0xA9,0x4E,0x2C,0xE4,0x03,0x10,0x04,0xA2,0xA8,0xA9,0x52,0x20,
    /* 5C60 */ 0xA5,0x8E,0xA4,0x0C,0xB9,0xAC,0x30,0xBE,0xAF,0x30,0x2C,0xE4,0x03,0x10,0x06,0xB9,
    /* 5C70 */ 0xB1,0x30,0xBE,0xB3,0x30,0x20,0xA5,0x8E,0xC6,0x07,0xD0,0xE6,0x20,0x42,0x8E,0x60,
    /* 5C80 */ 0xAD,0x71,0x02,0xF0,0x42,0x24,0x35,0x10,0x3E,0xA5,0x44,0x29,0x04,0xF0,0x38,0xA9,
    /* 5C90 */ 0x00,0x8D,0xE4,0x03,0xA9,0xE0,0xA2,0x10,0x20,0x60,0x77,0xA2,0x01,0x20,0x30,0x77,
    /* 5CA0 */ 0xA0,0x14,0xA2,0xA7,0x20,0x72,0x77,0xA0,0x01,0xA9,0xCF,0x38,0x20,0x1C,0x87,0xA9,
    /* 5CB0 */ 0x00,0x20,0x55,0x8E,0xAD,0xE4,0x03,0x30,0x0E,0xAD,0x07,0x09,0x10,0x09,0x8D,0xE4,
    /* 5CC0 */ 0x03,0xA5,0x34,0xC9,0x03,0xD0,0xCD,0xAD,0xB7,0x03,0xF0,0x18,0xA5,0x44,0x4A,0x4A,
    /* 5CD0 */ 0x4A,0x4A,0xD0,0x02,0xA9,0x01,0x0D,0xF7,0x03,0xA8,0x20,0x97,0x8E,0xA9,0x62,0xA2,
    /* 5CE0 */ 0xA8,0x20,0xA5,0x8E,0xA9,0x5E,0xA2,0xA8,0x20,0xA5,0x8E,0xA9,0x8A,0xA2,0xA1,0x4C,
    /* 5CF0 */ 0xA5,0x8E,0xA9,0x00,0x85,0x0C,0x2C,0xE1,0x03,0x10,0x15,0xA9,0x80,0x85,0x01,0xA9,
    /* 5D00 */ 0x23,0x85,0x02,0xA9,0x00,0x8D,0xE1,0x03,0x8D,0xE4,0x03,0xA9,0x3A,0x20,0x24,0x5C,
    /* 5D10 */ 0xE6,0x0C,0x2C,0xE2,0x03,0x10,0x21,0xA9,0x00,0x8D,0xE2,0x03,0xA9,0xC0,0x85,0x01,
    /* 5D20 */ 0xA9,0x23,0x85,0x02,0xAD,0x07,0x09,0x8D,0xE4,0x03,0xA5,0x34,0xC9,0x03,0xD0,0x03,
    /* 5D30 */ 0x8D,0xE4,0x03,0xA9,0x3D,0x20,0x24,0x5C,0x2C,0xE3,0x03,0x10,0x29,0xA9,0x00,0x8D,
    /* 5D40 */ 0xE4,0x03,0x8D,0xE3,0x03,0xA9,0x80,0x85,0x01,0xA9,0x27,0x85,0x02,0xE6,0x0C,0xA9,
    /* 5D50 */ 0x40,0x20,0x24,0x5C,0xA9,0x80,0x8D,0xE4,0x03,0xA9,0x36,0x85,0x01,0xA9,0x27,0x85,
    /* 5D60 */ 0x02,0xA9,0x40,0x20,0x24,0x5C,0xA9,0x00,0x8D,0xE4,0x03,0x60,0x60,0xE0,0x1F,0xD0,
    /* 5D70 */ 0x03,0x20,0x3C,0x70,0xA0,0x05,0xA5,0x04,0x38,0xE9,0x10,0x4A,0x66,0x03,0x29,0x1F,
    /* 5D80 */ 0x91,0x01,0x88,0xA5,0x03,0x91,0x01,0x88,0xA5,0x06,0x38,0xE9,0x0C,0x4A,0x66,0x05,
    /* 5D90 */ 0x29,0x1F,0x91,0x01,0x88,0xA5,0x05,0x91,0x01,0x88,0xA9,0xA8,0x91,0x01,0x88,0xA9,
    /* 5DA0 */ 0x5B,0x91,0x01,0xA5,0x01,0x18,0x69,0x06,0x85,0x01,0x90,0x02,0xE6,0x02,0xB5,0x97,
    /* 5DB0 */ 0x10,0x53,0xE0,0x21,0x90,0x07,0xE0,0x23,0xB0,0x03,0x4C,0x69,0x61,0xB5,0x97,0x49,
    /* 5DC0 */ 0xF0,0x2C,0xF6,0x03,0x30,0x03,0x18,0x69,0x10,0x4A,0x4A,0x4A,0x4A,0x09,0x70,0xAA,
    /* 5DD0 */ 0xA9,0x00,0x20,0xA5,0x8E,0xA6,0x0C,0xB5,0x97,0x29,0x0E,0x48,0x2C,0xF6,0x03,0x10,
    /* 5DE0 */ 0x19,0x8A,0x29,0x07,0xD0,0x02,0xA9,0x04,0x09,0xF0,0xA2,0x64,0x20,0xA5,0x8E,0x68,
    /* 5DF0 */ 0xA8,0xB9,0x6C,0x6E,0xBE,0x6D,0x6E,0x4C,0x02,0x5E,0x68,0xA8,0xB9,0x5C,0x6E,0xBE,
    /* 5E00 */ 0x5D,0x6E,0x4C,0xA5,0x8E,0xE0,0x11,0xB0,0x7C,0x2C,0xF6,0x03,0x10,0x0E,0xA2,0x72,
    /* 5E10 */ 0xA9,0x00,0x20,0xA5,0x8E,0xA9,0x88,0xA2,0xAF,0x4C,0xA5,0x8E,0xA0,0x00,0x98,0x91,
    /* 5E20 */ 0x01,0xB5,0x97,0x29,0x07,0xA8,0xB9,0x46,0x5F,0x85,0x17,0xA0,0x01,0x91,0x01,0xC8,
    /* 5E30 */ 0x8A,0x29,0x07,0xD0,0x02,0xA9,0x03,0x09,0xE0,0x91,0x01,0xC8,0xA9,0x64,0x91,0x01,
    /* 5E40 */ 0xC8,0x24,0xDC,0x10,0x0D,0xA9,0xC1,0xA2,0xAC,0x91,0x01,0xC8,0x8A,0x91,0x01,0x4C,
    /* 5E50 */ 0x64,0x5E,0xB5,0x97,0x29,0x38,0x4A,0x4A,0xAA,0xBD,0xCD,0x6E,0x91,0x01,0xBD,0xCE,
    /* 5E60 */ 0x6E,0xC8,0x91,0x01,0x38,0x98,0x65,0x01,0x85,0x01,0x90,0x02,0xE6,0x02,0x24,0xDC,
    /* 5E70 */ 0x10,0x12,0xE6,0x17,0xA5,0x17,0x20,0xB8,0x8E,0xA5,0x0C,0x29,0x0F,0xAA,0xBD,0x57,
    /* 5E80 */ 0x5F,0x4C,0x5A,0x8E,0x60,0xA0,0x00,0xE0,0x24,0x90,0x7F,0xA5,0x44,0x29,0x03,0xD0,
    /* 5E90 */ 0x02,0xD6,0x97,0xB5,0x97,0x0A,0x0A,0x0A,0x29,0xF0,0x18,0x7D,0x27,0x5F,0x91,0x01,
    /* 5EA0 */ 0xA9,0x64,0xC8,0x91,0x01,0xC8,0xE0,0x28,0xB0,0x15,0xA9,0x00,0xA2,0x73,0x20,0xA7,
    /* 5EB0 */ 0x8E,0xA9,0xC7,0xA2,0x64,0x20,0xA5,0x8E,0xA9,0x68,0xA2,0xA1,0x4C,0xA5,0x8E,0xA9,
    /* 5EC0 */ 0x42,0xA2,0xAF,0xD0,0x61,0xE0,0x1F,0x90,0x48,0xB5,0x97,0x29,0x40,0xD0,0x1B,0xA9,
    /* 5ED0 */ 0x00,0x91,0x01,0xC8,0xA9,0x72,0x91,0x01,0xC8,0xAD,0xED,0x03,0x0A,0xAA,0xBD,0x46,
    /* 5EE0 */ 0x3E,0x91,0x01,0xC8,0xBD,0x47,0x3E,0x4C,0xAB,0x8E,0xA9,0xD2,0xE0,0x1F,0xD0,0x02,
    /* 5EF0 */ 0xA9,0xD4,0xA2,0x64,0x20,0xA7,0x8E,0xA9,0x02,0x20,0xB8,0x8E,0xA9,0x27,0xA2,0xAF,
    /* 5F00 */ 0x20,0xA5,0x8E,0xA9,0x68,0xA2,0xA1,0x4C,0xA5,0x8E,0xE0,0x21,0x90,0xB7,0x4C,0x59,
    /* 5F10 */ 0x62,0xE0,0x19,0x90,0x14,0xAD,0xF7,0x03,0x15,0xB0,0x91,0x01,0xC8,0xA9,0x64,0x91,
    /* 5F20 */ 0x01,0xC8,0xA9,0x34,0xA2,0xAF,0x4C,0xA7,0x8E,0xBD,0x7E,0x03,0x30,0x06,0xA9,0xE1,
    /* 5F30 */ 0xA2,0xAE,0xD0,0xF2,0xA0,0x00,0xAD,0xE6,0x03,0x91,0x01,0xA9,0x64,0xC8,0x91,0x01,
    /* 5F40 */ 0xC8,0xA9,0xB6,0xA2,0xAE,0xD0,0xDF,0x72,0x71,0x70,0x70,0x67,0x67,0x67,0x67,0x64,
    /* 5F50 */ 0x64,0x64,0x64,0x62,0x62,0x62,0x62,0x16,0x1D,0x1A,0x0B,0x0D,0x0F,0x0E,0x1F,0x0F,
    /* 5F60 */ 0x16,0x1D,0x1A,0x0B,0x0D,0x0F,0x0E,0x1F,0x24,0x35,0x30,0x01,0x60,0xAE,0x8E,0x03,
    /* 5F70 */ 0x30,0xFA,0xF8,0x18,0x65,0xCF,0x38,0xE9,0x01,0x85,0x1C,0xDE,0xE1,0x03,0xE0,0x00,
    /* 5F80 */ 0xF0,0x02,0xA2,0x03,0x18,0x75,0x3A,0x95,0x3A,0x90,0x33,0xA9,0x00,0x75,0x3B,0x95,
    /* 5F90 */ 0x3B,0x85,0x18,0xA9,0x00,0x75,0x3C,0x95,0x3C,0x24,0x52,0x30,0x25,0xA5,0xDB,0xF0,
    /* 5FA0 */ 0x5B,0xAE,0x8E,0x03,0xB5,0xD9,0xC5,0x18,0xD0,0x52,0x18,0x65,0xDB,0x95,0xD9,0xA9,
    /* 5FB0 */ 0xBF,0x9D,0xE1,0x03,0xB5,0x47,0xC9,0x0A,0xB0,0x3E,0xF6,0x47,0xD0,0x3A,0x24,0x52,
    /* 5FC0 */ 0x10,0x3A,0xCE,0xE3,0x03,0xA5,0x1C,0x18,0x65,0x40,0x85,0x40,0x90,0x2E,0xA9,0x00,
    /* 5FD0 */ 0x65,0x41,0x85,0x41,0xA9,0x00,0x65,0x42,0x85,0x42,0xA5,0xDB,0xF0,0x1E,0xA5,0xD9,
    /* 5FE0 */ 0xC5,0x41,0xD0,0x18,0x18,0x65,0xDB,0x85,0xD9,0xA5,0x47,0xC9,0x0A,0xB0,0x04,0xE6,
    /* 5FF0 */ 0x47,0xE6,0x48,0xA9,0xBF,0x8D,0xE3,0x03,0xD8,0x4C,0xE1,0x72,0xD8,0x60,0x88,0x10,
    /* 6000 */ 0x98,0x22,0x18,0x60,0xA9,0xFF,0x85,0x18,0xA9,0x01,0x85,0x14,0xAD,0xF4,0x03,0x29,
    /* 6010 */ 0x02,0xAE,0xA3,0x03,0xD0,0x0C,0xA5,0x45,0x29,0x04,0xF0,0xE6,0xA5,0x45,0x4A,0x29,
    /* 6020 */ 0x01,0x0A,0x18,0x65,0x14,0xAA,0xBD,0x56,0x61,0x85,0x0E,0x85,0x0F,0xA9,0x01,0x85,
    /* 6030 */ 0x0C,0x86,0x13,0xA9,0xDC,0xA2,0x3C,0x20,0x60,0x77,0xA2,0x05,0x20,0x30,0x77,0xA2,
    /* 6040 */ 0xC2,0xA0,0x00,0x20,0x72,0x77,0xA9,0xDD,0xA2,0xF0,0x20,0xC1,0x8E,0xA2,0x06,0x20,
    /* 6050 */ 0x30,0x77,0xA5,0x13,0x29,0x02,0xA8,0x2C,0x07,0x09,0x50,0x01,0xC8,0xBE,0x4E,0x76,
    /* 6060 */ 0xB9,0x52,0x76,0x20,0xA5,0x8E,0x2C,0x07,0x09,0x70,0x15,0xA6,0x14,0xBD,0x00,0x60,
    /* 6070 */ 0xA2,0x1C,0x20,0x60,0x77,0xA6,0x13,0xBC,0x52,0x61,0x8C,0xE4,0x03,0x20,0x79,0x77,
    /* 6080 */ 0xA9,0x00,0x85,0x0D,0xA6,0x0E,0xBD,0xDD,0x00,0x1D,0xDE,0x00,0x1D,0xDF,0x00,0xD0,
    /* 6090 */ 0x03,0x4C,0x3D,0x61,0x20,0xA1,0x8E,0xA6,0x14,0xBD,0xFE,0x5F,0x2C,0x07,0x09,0x50,
    /* 60A0 */ 0x02,0xA9,0xDA,0xA6,0x0D,0x20,0xC1,0x8E,0xA5,0x0F,0xCD,0xEB,0x03,0xF0,0x1A,0xCD,
    /* 60B0 */ 0xEC,0x03,0xF0,0x15,0x24,0x18,0x30,0x1C,0xA0,0xC2,0x2C,0x07,0x09,0x50,0x02,0xA0,
    /* 60C0 */ 0xC4,0x84,0x18,0x20,0x97,0x8E,0x4C,0xD4,0x60,0xAD,0xE6,0x03,0xA8,0x20,0x97,0x8E,
    /* 60D0 */ 0xA9,0x00,0x85,0x18,0xA5,0x13,0xC9,0x02,0xD0,0x1E,0xA0,0x00,0x8C,0xEA,0x03,0x20,
    /* 60E0 */ 0xFA,0x50,0x20,0xFA,0x50,0x20,0xFA,0x50,0xA9,0xFF,0x8D,0xEA,0x03,0xA0,0x00,0x20,
    /* 60F0 */ 0x40,0x51,0xC6,0x0F,0xC6,0x0F,0xC6,0x0F,0xA4,0x0E,0xA2,0xFD,0xB9,0xDD,0x00,0x95,
    /* 6100 */ 0x06,0xC8,0xE8,0x30,0xF7,0xA9,0x03,0x38,0xA0,0x03,0x20,0x1C,0x87,0xA9,0x00,0x20,
    /* 6110 */ 0x55,0x8E,0xA0,0x00,0x20,0x40,0x51,0x20,0xFA,0x50,0x20,0xFA,0x50,0x20,0xFA,0x50,
    /* 6120 */ 0xA5,0x0D,0x38,0xE9,0x08,0x85,0x0D,0xE6,0x0E,0xE6,0x0E,0xE6,0x0E,0xA5,0x0C,0x18,
    /* 6130 */ 0xF8,0x69,0x01,0xD8,0x85,0x0C,0xC9,0x06,0xB0,0x03,0x4C,0x84,0x60,0x2C,0x07,0x09,
    /* 6140 */ 0x50,0x07,0xC6,0x14,0xC6,0x14,0x4C,0x4B,0x61,0xC6,0x14,0x30,0x03,0x4C,0x0C,0x60,
    /* 6150 */ 0x38,0x60,0x0C,0x0B,0x0C,0x0B,0x00,0x0F,0x1E,0x2D,0x3C,0x0C,0x1B,0x2A,0x39,0xA2,
    /* 6160 */ 0x10,0xB5,0x97,0xF0,0x03,0xCA,0x10,0xF9,0x60,0xA5,0x34,0xF0,0x06,0xC9,0x01,0xF0,
    /* 6170 */ 0x1A,0xD0,0x05,0xBD,0x9A,0x03,0x10,0x13,0xBD,0xCE,0x03,0x10,0x0E,0xA5,0x44,0x29,
    /* 6180 */ 0x04,0xF0,0x03,0x20,0x59,0x62,0xA5,0x34,0xD0,0x01,0x60,0xA9,0x01,0x20,0xB8,0x8E,
    /* 6190 */ 0xA6,0x0C,0xA9,0xF4,0xE0,0x21,0xF0,0x02,0xA9,0xF2,0xA2,0x64,0x20,0xA5,0x8E,0xA6,
    /* 61A0 */ 0x0C,0xB5,0x97,0xC9,0xA2,0xB0,0x03,0x20,0x3E,0x62,0xA6,0x0C,0xB5,0x97,0x49,0xFF,
    /* 61B0 */ 0x29,0x70,0x4A,0x4A,0x4A,0x29,0xFE,0x85,0x10,0xBD,0x36,0x62,0x85,0x07,0xA9,0x27,
    /* 61C0 */ 0x85,0x08,0xA9,0x00,0x85,0x11,0xA5,0x01,0x85,0x0A,0xA5,0x02,0x85,0x0B,0xA6,0x11,
    /* 61D0 */ 0xA0,0x00,0xBD,0xB5,0x6C,0xA2,0x00,0x0A,0x90,0x01,0xCA,0x6A,0x18,0x71,0x07,0x91,
    /* 61E0 */ 0x07,0xC8,0x8A,0x71,0x07,0x91,0x07,0x88,0x91,0x01,0xC8,0x8A,0x29,0x1F,0x91,0x01,
    /* 61F0 */ 0xC8,0xA6,0x11,0xBD,0xB6,0x6C,0xA2,0x00,0x0A,0x90,0x01,0xCA,0x6A,0x18,0x71,0x07,
    /* 6200 */ 0x91,0x07,0xC8,0x8A,0x71,0x07,0x91,0x07,0x88,0x91,0x01,0xC8,0x8A,0x29,0x1F,0x91,
    /* 6210 */ 0x01,0x20,0xAD,0x8E,0xA5,0x11,0x0A,0xAA,0xA0,0xFF,0xC8,0xBD,0x68,0x36,0x91,0x01,
    /* 6220 */ 0xE8,0xC0,0x03,0x90,0xF5,0x20,0xAD,0x8E,0x20,0x15,0x8F,0xA5,0x07,0x18,0x69,0x04,
    /* 6230 */ 0x85,0x07,0xA5,0x11,0x18,0x69,0x02,0x85,0x11,0xC5,0x10,0x90,0x89,0x60,0xBC,0x36,
    /* 6240 */ 0x62,0xA2,0x00,0xBD,0xB5,0x6C,0x99,0x00,0x27,0xC8,0xBD,0xC1,0x6C,0x99,0x00,0x27,
    /* 6250 */ 0xC8,0xE8,0xE0,0x0C,0x90,0xED,0x60,0x00,0x18,0xA0,0x00,0xB5,0x2E,0x29,0x80,0xF0,
    /* 6260 */ 0x07,0xBD,0x52,0x02,0x29,0xF0,0x09,0x07,0x91,0x01,0xC8,0xA9,0x64,0x91,0x01,0xC8,
    /* 6270 */ 0xA9,0x50,0xA2,0xAF,0x20,0xA7,0x8E,0xA6,0x0C,0xA5,0x44,0x29,0x04,0xD0,0x0D,0xBD,
    /* 6280 */ 0xC6,0x03,0xF0,0x08,0x49,0xF0,0x29,0xF0,0x09,0x07,0xD0,0x08,0xA9,0xD4,0xE0,0x21,
    /* 6290 */ 0xF0,0x02,0xA9,0xD2,0xA2,0x64,0x20,0xA5,0x8E,0xA6,0x0C,0xBD,0x82,0x02,0x18,0x10,
    /* 62A0 */ 0x07,0xA9,0x00,0x38,0xFD,0x82,0x02,0x38,0x85,0x1C,0x66,0x12,0x18,0x24,0x1C,0x30,
    /* 62B0 */ 0x02,0x50,0x06,0xA9,0x80,0x38,0xE5,0x1C,0x38,0x66,0x12,0x29,0xFC,0x4A,0x18,0x7D,
    /* 62C0 */ 0xD3,0x63,0xA8,0x20,0xFE,0x63,0x24,0x52,0x30,0x01,0x60,0xAD,0xDF,0x03,0x30,0xFA,
    /* 62D0 */ 0xA9,0xF6,0xA2,0x64,0x20,0xA5,0x8E,0xA6,0x0C,0xB5,0x97,0x30,0xED,0xCE,0xDF,0x03,
    /* 62E0 */ 0xAD,0xCF,0x03,0x30,0x1D,0x20,0x45,0x6B,0xCE,0xCF,0x03,0xD0,0x15,0x20,0x57,0x6B,
    /* 62F0 */ 0xA9,0xA0,0x95,0x97,0x20,0xE5,0x72,0xA9,0x20,0x9D,0x4C,0x02,0x9D,0xCE,0x03,0x4C,
    /* 6300 */ 0x8C,0x46,0xAD,0x43,0x03,0x38,0xFD,0x20,0x03,0x85,0x03,0xAD,0xD8,0x02,0xFD,0xB5,
    /* 6310 */ 0x02,0xC9,0x10,0x30,0x02,0xE9,0x20,0xC9,0xF0,0x10,0x02,0x69,0x20,0x4A,0x85,0x04,
    /* 6320 */ 0x66,0x03,0xAD,0x75,0x03,0x38,0xFD,0x52,0x03,0x85,0x05,0xAD,0x0A,0x03,0xFD,0xE7,
    /* 6330 */ 0x02,0xC9,0x0C,0x30,0x02,0xE9,0x18,0xC9,0xF4,0x10,0x02,0x69,0x18,0x4A,0x85,0x06,
    /* 6340 */ 0x66,0x05,0xA0,0xAF,0x84,0x00,0xAD,0xCF,0x03,0x10,0x05,0xA2,0x03,0x4C,0xF6,0x8E,
    /* 6350 */ 0x0A,0x85,0x07,0xA2,0x02,0x86,0x11,0xB5,0x03,0x56,0x04,0x6A,0x20,0x6D,0x68,0xA9,
    /* 6360 */ 0x00,0xA6,0x11,0x95,0x04,0xA5,0x0B,0x0A,0x90,0x02,0xD6,0x04,0xA5,0x0B,0x0A,0x36,
    /* 6370 */ 0x04,0x95,0x03,0xCA,0xCA,0x10,0xDE,0xA2,0x03,0x20,0xF6,0x8E,0xA9,0xF7,0xA2,0x64,
    /* 6380 */ 0x20,0xA5,0x8E,0xA9,0x01,0x20,0xB8,0x8E,0xA9,0x68,0xA2,0xA1,0x4C,0xA5,0x8E,0xAD,
    /* 6390 */ 0x00,0x08,0x29,0x10,0xF0,0x59,0xA5,0x44,0x4A,0x90,0x54,0xA9,0xD0,0x85,0x01,0xA9,
    /* 63A0 */ 0x22,0x85,0x02,0xA0,0x03,0x84,0x0D,0xA4,0x0D,0xA5,0x44,0x4A,0x18,0x79,0xF0,0x63,
    /* 63B0 */ 0x29,0x0F,0x85,0x07,0xD0,0x06,0xAD,0x0A,0x10,0x99,0x1C,0x03,0xB9,0x1C,0x03,0x20,
    /* 63C0 */ 0x34,0x68,0x20,0x6D,0x68,0x85,0x14,0xA4,0x0D,0xB9,0x1C,0x03,0x20,0x31,0x68,0x20,
    /* 63D0 */ 0x6D,0x68,0x85,0x13,0xA6,0x14,0xA0,0x20,0x20,0xC3,0x8E,0xA9,0x00,0x38,0xE5,0x14,
    /* 63E0 */ 0xAA,0xA9,0x00,0x38,0xE5,0x13,0xA0,0x20,0x20,0xC3,0x8E,0xC6,0x0D,0x10,0xB8,0x60,
    /* 63F0 */ 0x00,0x08,0x10,0x18,0x00,0x22,0x5B,0x53,0x16,0x14,0x1A,0x18,0x07,0x06,0x86,0x0C,
    /* 6400 */ 0xB9,0x00,0x28,0x85,0x0A,0xB9,0x01,0x28,0x85,0x0B,0xBC,0xD7,0x63,0x84,0x1C,0xBC,
    /* 6410 */ 0xD5,0x63,0x84,0x1D,0xBC,0xD7,0x63,0x84,0x1C,0x24,0x35,0x10,0x1A,0xBD,0xE3,0x08,
    /* 6420 */ 0x10,0x15,0xB5,0x97,0x30,0x11,0xA5,0x44,0x29,0x04,0xF0,0x0B,0xE0,0x22,0xD0,0x04,
    /* 6430 */ 0x24,0x51,0x30,0x03,0xBC,0xD9,0x63,0x84,0x07,0xA0,0xFF,0x24,0x12,0x30,0x03,0x4C,
    /* 6440 */ 0xCF,0x64,0x70,0x30,0xC8,0xA2,0x00,0xA1,0x0A,0x91,0x01,0x0A,0xA9,0x1F,0xB0,0x02,
    /* 6450 */ 0xA9,0x00,0xC8,0x91,0x01,0xC8,0xE6,0x0A,0xA9,0x00,0x38,0xE1,0x0A,0x91,0x01,0x0A,
    /* 6460 */ 0xA9,0x3F,0xB0,0x02,0xA9,0x20,0xC8,0x91,0x01,0xE6,0x0A,0x20,0x2F,0x65,0xC6,0x07,
    /* 6470 */ 0x10,0xD2,0x30,0x30,0xC8,0xA9,0x00,0xAA,0x38,0xE1,0x0A,0x91,0x01,0x0A,0xA9,0x1F,
    /* 6480 */ 0xB0,0x02,0xA9,0x00,0xC8,0x91,0x01,0xC8,0xE6,0x0A,0xA9,0x00,0x38,0xE1,0x0A,0x91,
    /* 6490 */ 0x01,0x0A,0xA9,0x3F,0xB0,0x02,0xA9,0x20,0xC8,0x91,0x01,0xE6,0x0A,0x20,0x2F,0x65,
    /* 64A0 */ 0xC6,0x07,0x10,0xD0,0xC0,0x1E,0x90,0x1A,0xB1,0x01,0x29,0x1F,0x91,0x01,0x84,0x0A,
    /* 64B0 */ 0xA4,0x1D,0xB1,0x01,0x29,0x1F,0x91,0x01,0xC8,0xC8,0xC8,0xC8,0xB1,0x01,0x29,0x1F,
    /* 64C0 */ 0x91,0x01,0xA0,0x03,0xB1,0x01,0x29,0x1F,0x91,0x01,0xA4,0x0A,0x4C,0xAD,0x8E,0x50,
    /* 64D0 */ 0x30,0xC8,0xA9,0x00,0xAA,0x38,0xE1,0x0A,0x91,0x01,0x0A,0xA9,0x1F,0xB0,0x02,0xA9,
    /* 64E0 */ 0x00,0xC8,0x91,0x01,0xE6,0x0A,0xC8,0xA1,0x0A,0x91,0x01,0x0A,0xA9,0x3F,0xB0,0x02,
    /* 64F0 */ 0xA9,0x20,0xC8,0x91,0x01,0xE6,0x0A,0x20,0x2F,0x65,0xC6,0x07,0x10,0xD3,0x4C,0xA4,
    /* 6500 */ 0x64,0xC8,0xA2,0x00,0xA1,0x0A,0x91,0x01,0x0A,0xA9,0x1F,0xB0,0x02,0xA9,0x00,0xC8,
    /* 6510 */ 0x91,0x01,0xE6,0x0A,0xC8,0xA1,0x0A,0x91,0x01,0x0A,0xA9,0x3F,0xB0,0x02,0xA9,0x20,
    /* 6520 */ 0xC8,0x91,0x01,0xE6,0x0A,0x20,0x2F,0x65,0xC6,0x07,0x10,0xD5,0x4C,0xA4,0x64,0xA6,
    /* 6530 */ 0x0C,0xC6,0x1C,0xA5,0x1C,0xDD,0xDB,0x63,0xD0,0x09,0xBD,0x67,0x03,0x10,0x04,0xA9,
    /* 6540 */ 0x00,0xF0,0x08,0xA5,0x1C,0xC9,0xFE,0xD0,0x0A,0xA9,0xF7,0xC8,0x91,0x01,0xC8,0xA9,
    /* 6550 */ 0x64,0x91,0x01,0x60,0xA4,0x0D,0xC0,0x21,0xB0,0xF9,0xC0,0x1F,0x90,0x05,0x98,0xAA,
    /* 6560 */ 0x4C,0xDB,0x53,0xC0,0x19,0xB0,0xEC,0xC0,0x11,0x90,0x0D,0x20,0xBE,0x46,0xA4,0x0D,
    /* 6570 */ 0xA9,0x20,0x20,0x68,0x5F,0x4C,0x01,0x66,0x84,0x07,0xAE,0x8E,0x03,0x30,0x16,0xA9,
    /* 6580 */ 0x10,0x20,0xB6,0x67,0xBD,0x6B,0x02,0x18,0x69,0x10,0xDD,0xA5,0x03,0x90,0x03,0xBD,
    /* 6590 */ 0xA5,0x03,0x9D,0x6B,0x02,0xB9,0x97,0x00,0xAA,0x29,0x38,0x85,0x18,0x8A,0x29,0x07,
    /* 65A0 */ 0x4A,0xAA,0x05,0x18,0x99,0x97,0x00,0xBD,0x11,0x66,0x20,0x68,0x5F,0xA4,0x07,0xB9,
    /* 65B0 */ 0x97,0x00,0x29,0x07,0xF0,0x4B,0x24,0xDC,0x10,0x19,0x4A,0xF0,0x44,0x20,0x5F,0x61,
    /* 65C0 */ 0x30,0x3F,0x20,0x2B,0x5B,0xA9,0xA0,0x95,0x97,0xEE,0x64,0x02,0x98,0xAA,0xA0,0x00,
    /* 65D0 */ 0x4C,0x5E,0x5B,0x20,0x5F,0x61,0x30,0x31,0xEE,0x64,0x02,0x20,0x2B,0x5B,0xBD,0x00,
    /* 65E0 */ 0x02,0x29,0x1F,0x0A,0x5D,0x20,0x03,0x9D,0x20,0x03,0x20,0x61,0x61,0x30,0x12,0xEE,
    /* 65F0 */ 0x64,0x02,0x20,0x2B,0x5B,0xBD,0x32,0x02,0x29,0x1F,0x0A,0x5D,0x52,0x03,0x9D,0x52,
    /* 6600 */ 0x03,0xA9,0xA0,0x99,0x97,0x00,0x4C,0xE5,0x72,0xA9,0xA0,0x99,0x97,0x00,0x4C,0xB9,
    /* 6610 */ 0x72,0x10,0x05,0x02,0xA9,0xFF,0x85,0x45,0x85,0x38,0x85,0x39,0x8D,0xEA,0x03,0xA6,
    /* 6620 */ 0x34,0xD0,0x10,0xA9,0x01,0x85,0x10,0xA2,0x03,0x20,0x44,0x66,0xA2,0x00,0x86,0x10,
    /* 6630 */ 0x4C,0x44,0x66,0xCA,0xF0,0xF6,0xCA,0xD0,0x05,0xA9,0x00,0x8D,0xEA,0x03,0xA2,0x00,
    /* 6640 */ 0x86,0x10,0xA2,0x06,0xA4,0x34,0xB9,0x57,0x61,0x85,0x13,0xB9,0x56,0x61,0xA8,0xB9,
    /* 6650 */ 0xDD,0x00,0xD5,0x3A,0xB9,0xDE,0x00,0xF5,0x3B,0xB9,0xDF,0x00,0xF5,0x3C,0x90,0x08,
    /* 6660 */ 0xC8,0xC8,0xC8,0xC4,0x13,0x90,0xE8,0x60,0x86,0x0A,0x84,0x0B,0xA6,0x10,0x98,0x95,
    /* 6670 */ 0x38,0x9D,0xEB,0x03,0x2C,0xEA,0x03,0x30,0x02,0x85,0x39,0xA4,0x34,0xBE,0x5B,0x61,
    /* 6680 */ 0x8A,0xA8,0xE4,0x0B,0xF0,0x43,0xBD,0x16,0x01,0x9D,0x19,0x01,0xBD,0x17,0x01,0x9D,
    /* 6690 */ 0x1A,0x01,0xBD,0x18,0x01,0x9D,0x1B,0x01,0xB9,0xDA,0x00,0x99,0xDD,0x00,0xB9,0xDB,
    /* 66A0 */ 0x00,0x99,0xDE,0x00,0xB9,0xDC,0x00,0x99,0xDF,0x00,0x2C,0xEA,0x03,0x30,0x12,0xBD,
    /* 66B0 */ 0x34,0x01,0x9D,0x37,0x01,0xBD,0x35,0x01,0x9D,0x38,0x01,0xBD,0x36,0x01,0x9D,0x39,
    /* 66C0 */ 0x01,0x88,0x88,0x88,0xCA,0xCA,0xCA,0xD0,0xB9,0xA9,0x0B,0x9D,0x19,0x01,0xA9,0x00,
    /* 66D0 */ 0x9D,0x1A,0x01,0x9D,0x1B,0x01,0x2C,0xEA,0x03,0x30,0x0B,0x9D,0x38,0x01,0x9D,0x39,
    /* 66E0 */ 0x01,0xA9,0x0B,0x9D,0x37,0x01,0xA9,0xED,0x85,0x45,0xA6,0x0A,0xA4,0x0B,0xB5,0x3C,
    /* 66F0 */ 0x99,0xDF,0x00,0xB5,0x3B,0x99,0xDE,0x00,0xB5,0x3A,0x99,0xDD,0x00,0xA6,0x10,0xD0,
    /* 6700 */ 0x1A,0x2C,0xEA,0x03,0x10,0x15,0xA5,0x39,0x30,0x11,0xC5,0x38,0x90,0x0D,0x69,0x02,
    /* 6710 */ 0xC5,0x13,0x90,0x02,0xA9,0xFF,0x85,0x39,0x8D,0xEC,0x03,0xA9,0x00,0x85,0x36,0x85,
    /* 6720 */ 0x37,0xA9,0xFF,0x8D,0xDE,0x03,0x8D,0xF6,0x03,0x4C,0xCC,0x76,0x60,0x24,0x35,0x10,
    /* 6730 */ 0xFB,0xA2,0x05,0xB5,0xB0,0xF0,0x05,0xCA,0x10,0xF9,0x30,0x6E,0xA0,0x21,0xA5,0x34,
    /* 6740 */ 0xC9,0x01,0xF0,0x05,0x8A,0x4A,0xB0,0x01,0xC8,0x98,0x9D,0xC9,0x03,0x86,0x19,0xA5,
    /* 6750 */ 0xD2,0x49,0xFF,0x29,0x03,0x18,0x65,0x19,0xA8,0xA9,0x01,0x95,0xC9,0xAD,0x0A,0x10,
    /* 6760 */ 0x9D,0xCE,0x02,0xAD,0x0A,0x14,0x9D,0x00,0x03,0xA9,0x00,0x24,0x44,0x10,0x05,0x9D,
    /* 6770 */ 0xCE,0x02,0xF0,0x03,0x9D,0x00,0x03,0x24,0x52,0x10,0x0B,0xB9,0xEB,0x6C,0x95,0xB0,
    /* 6780 */ 0xB9,0xF4,0x6C,0x4C,0x92,0x67,0xA5,0x34,0xF0,0x21,0xB9,0xD9,0x6C,0x95,0xB0,0xB9,
    /* 6790 */ 0xE2,0x6C,0x9D,0x8D,0x02,0xA9,0x00,0x9D,0x7F,0x02,0xA5,0x34,0xF0,0x0C,0xAD,0xAF,
    /* 67A0 */ 0x03,0x0A,0x30,0x06,0x75,0xB0,0x30,0x02,0x95,0xB0,0x60,0xB9,0xFD,0x6C,0x95,0xB0,
    /* 67B0 */ 0xB9,0x06,0x6D,0x4C,0x92,0x67,0x18,0x6D,0xB9,0x03,0x8D,0xB9,0x03,0xAD,0xBA,0x03,
    /* 67C0 */ 0x69,0x00,0xC9,0x04,0xB0,0x04,0x8D,0xBA,0x03,0x60,0xA9,0xFF,0x8D,0xB9,0x03,0x60,
    /* 67D0 */ 0x98,0x10,0x09,0x20,0x4D,0x68,0x20,0xDC,0x67,0x4C,0x4D,0x68,0xA8,0x8A,0x10,0x0B,
    /* 67E0 */ 0x20,0x4D,0x68,0x20,0xEB,0x67,0x49,0x80,0x4C,0x4D,0x68,0x85,0x0B,0x98,0xC5,0x0B,
    /* 67F0 */ 0xF0,0x10,0x90,0x11,0xA4,0x0B,0x85,0x0B,0x98,0x20,0x05,0x68,0x38,0xE9,0x40,0x4C,
    /* 6800 */ 0x4D,0x68,0xA9,0x20,0x60,0x20,0x1F,0x68,0x29,0x0F,0xAA,0xBD,0x0F,0x68,0x60,0x00,
    /* 6810 */ 0x02,0x05,0x07,0x0A,0x0C,0x0F,0x11,0x13,0x15,0x17,0x19,0x1A,0x1C,0x1D,0x1F,0xA0,
    /* 6820 */ 0x04,0x26,0x0A,0x2A,0xC5,0x0B,0x90,0x02,0xE5,0x0B,0x88,0xD0,0xF4,0xA5,0x0A,0x2A,
    /* 6830 */ 0x60,0x18,0x69,0x40,0x10,0x08,0x29,0x7F,0x20,0x3E,0x68,0x4C,0x4D,0x68,0xC9,0x41,
    /* 6840 */ 0x90,0x04,0x49,0x7F,0x69,0x00,0xAA,0xBD,0x1B,0x6D,0x60,0x10,0x05,0x49,0xFF,0x18,
    /* 6850 */ 0x69,0x01,0x60,0x24,0x07,0x10,0x16,0x48,0xA5,0x07,0x20,0x4D,0x68,0x10,0x02,0xA9,
    /* 6860 */ 0x7F,0x85,0x07,0x68,0x20,0x4D,0x68,0xC9,0x80,0xD0,0x02,0xA9,0x7F,0xAA,0x08,0x85,
    /* 6870 */ 0x10,0x4A,0x4A,0x4A,0x4A,0x45,0x07,0x29,0x0F,0x45,0x07,0xAA,0xBD,0x5C,0x6D,0x85,
    /* 6880 */ 0x0B,0xA5,0x10,0x0A,0x0A,0x0A,0x0A,0x45,0x07,0x29,0xF0,0x45,0x07,0xAA,0xBD,0x5C,
    /* 6890 */ 0x6D,0x85,0x0A,0xA5,0x10,0x45,0x07,0x29,0x0F,0x45,0x07,0xA8,0xA5,0x10,0x45,0x07,
    /* 68A0 */ 0x29,0xF0,0x45,0x07,0xAA,0xBD,0x5C,0x6D,0x18,0x79,0x5C,0x6D,0xAA,0x6A,0x4A,0x4A,
    /* 68B0 */ 0x4A,0x85,0x10,0x8A,0x0A,0x0A,0x0A,0x0A,0x18,0x65,0x0A,0x85,0x0A,0xA5,0x0B,0x65,
    /* 68C0 */ 0x10,0x28,0x10,0x03,0x38,0xE5,0x07,0x85,0x0B,0x60,0xA9,0x00,0xA2,0xFE,0x9A,0xD8,
    /* 68D0 */ 0x20,0x96,0x6C,0x20,0xEE,0x4F,0xA9,0xBF,0xA2,0x02,0x9D,0xE1,0x03,0xCA,0x10,0xFA,
    /* 68E0 */ 0x20,0xA8,0x73,0xA9,0x01,0x8D,0xF4,0x03,0xA9,0xFF,0x85,0x38,0x85,0x39,0x8D,0xEA,
    /* 68F0 */ 0x03,0xA9,0x80,0x8D,0xEE,0x03,0x58,0x20,0xF2,0x5C,0x4C,0x0F,0x40,0xE6,0x44,0xA5,
    /* 6900 */ 0x44,0x0A,0x0A,0x0A,0x0A,0x09,0x80,0x8D,0xF7,0x03,0xA5,0x31,0xAE,0x07,0x09,0x30,
    /* 6910 */ 0x02,0x09,0xC0,0xA6,0x30,0x30,0x0C,0xA6,0x29,0x10,0x02,0x09,0x01,0xA6,0x28,0x10,
    /* 6920 */ 0x02,0x09,0x02,0xA6,0x35,0x10,0x0C,0xA6,0x45,0xF0,0x08,0xA6,0x43,0xD0,0x04,0xA2,
    /* 6930 */ 0x80,0x86,0x30,0x8D,0x00,0x0C,0xA5,0x44,0xF0,0x18,0x29,0x7F,0xD0,0x03,0x4C,0x1F,
    /* 6940 */ 0x6A,0x29,0x0F,0xD0,0x03,0x4C,0x2E,0x6A,0x29,0x07,0xD0,0x03,0x4C,0x46,0x6A,0x4C,
    /* 6950 */ 0x89,0x6A,0x24,0x35,0x30,0x28,0xA5,0x38,0x25,0x39,0x10,0x22,0xA5,0x45,0x29,0x04,
    /* 6960 */ 0xD0,0x08,0xA5,0x45,0x29,0x03,0xC9,0x03,0xF0,0x16,0xAD,0x04,0x09,0x0D,0x05,0x09,
    /* 6970 */ 0x29,0x80,0xA2,0x03,0x1D,0x00,0x09,0xCA,0x10,0xFA,0x29,0xC0,0xD0,0x02,0xE6,0x45,
    /* 6980 */ 0xA2,0x01,0xBD,0xA5,0x03,0xF0,0x03,0xDE,0xA5,0x03,0xCA,0x10,0xF5,0xA5,0x45,0x29,
    /* 6990 */ 0x03,0xD0,0x2C,0xA2,0x05,0xB5,0xC9,0xC9,0x01,0xF0,0x02,0xD6,0xC9,0xBD,0x7F,0x02,
    /* 69A0 */ 0xF0,0x17,0xDD,0x9B,0x6A,0xB0,0x05,0x69,0x02,0x9D,0x7F,0x02,0xBD,0x8D,0x02,0xDD,
    /* 69B0 */ 0xA0,0x6A,0xB0,0x05,0x69,0x01,0x9D,0x8D,0x02,0xCA,0x10,0xD9,0x20,0xA5,0x6A,0xA2,
    /* 69C0 */ 0x07,0xB5,0xA8,0xF0,0x1C,0xBD,0x8F,0x03,0x10,0x17,0xBD,0x77,0x02,0xC9,0x10,0xB0,
    /* 69D0 */ 0x03,0xFE,0x77,0x02,0xBD,0x85,0x02,0xC9,0x70,0xB0,0x06,0xFE,0x85,0x02,0xFE,0x85,
    /* 69E0 */ 0x02,0xCA,0x10,0xDD,0xA5,0x34,0xD0,0x09,0xA5,0x45,0x29,0x0F,0xD0,0x03,0x20,0x2D,
    /* 69F0 */ 0x67,0x24,0x52,0x10,0x2A,0xA5,0x45,0x4A,0xB0,0x13,0xAD,0xB4,0x03,0x69,0x11,0x8D,
    /* 6A00 */ 0x97,0x03,0xAD,0xB5,0x03,0x18,0x69,0x15,0x8D,0x98,0x03,0x10,0x12,0xAD,0xB5,0x03,
    /* 6A10 */ 0x18,0x69,0x11,0x8D,0x97,0x03,0xAD,0xB4,0x03,0x18,0x69,0x15,0x8D,0x98,0x03,0xA2,
    /* 6A20 */ 0x01,0xBD,0x69,0x02,0xC9,0x09,0x90,0x03,0xDE,0x69,0x02,0xCA,0x10,0xF3,0x20,0xF2,
    /* 6A30 */ 0x5C,0xAD,0xB7,0x03,0xF0,0x10,0xCE,0xB7,0x03,0xD0,0x0B,0xA9,0x00,0x8D,0xBD,0x03,
    /* 6A40 */ 0x8D,0xBE,0x03,0x20,0x8C,0x46,0x2C,0xF6,0x03,0x10,0x03,0x20,0x8D,0x76,0x20,0x91,
    /* 6A50 */ 0x70,0xAD,0x64,0x02,0xF0,0x33,0xA2,0x01,0xBD,0x6B,0x02,0xF0,0x03,0xDE,0x6B,0x02,
    /* 6A60 */ 0xBD,0x6F,0x02,0xF0,0x03,0xDE,0x6F,0x02,0xBD,0x65,0x02,0xF0,0x03,0xDE,0x65,0x02,
    /* 6A70 */ 0xCA,0x10,0xE5,0xAD,0x9D,0x03,0x2D,0x9E,0x03,0x30,0x0E,0xAD,0xB9,0x03,0x38,0xE9,
    /* 6A80 */ 0x01,0x8D,0xB9,0x03,0xB0,0x03,0xCE,0xBA,0x03,0xA2,0x01,0xBD,0x8A,0x03,0x30,0x03,
    /* 6A90 */ 0x1E,0x8A,0x03,0x38,0x7E,0x8A,0x03,0xCA,0x10,0xF1,0x60,0x70,0x60,0x60,0x50,0x40,
    /* 6AA0 */ 0x18,0x10,0x10,0x0C,0x08,0xA2,0x01,0xA4,0xD2,0xBD,0xA7,0x03,0xC9,0x40,0xB0,0x03,
    /* 6AB0 */ 0x79,0x0F,0x6D,0xBD,0xA9,0x03,0x79,0x13,0x6D,0x30,0x03,0x9D,0xA9,0x03,0xBD,0xAD,
    /* 6AC0 */ 0x03,0xC9,0x40,0xB0,0x06,0x79,0x17,0x6D,0x9D,0xAD,0x03,0xCA,0x10,0xDB,0x60,0x11,
    /* 6AD0 */ 0x15,0xAD,0x64,0x02,0x05,0x43,0xD0,0x0B,0xA5,0x34,0xC9,0x02,0x90,0x06,0x2C,0x8D,
    /* 6AE0 */ 0x03,0x10,0x01,0x60,0xAD,0xBD,0x03,0x0D,0xBE,0x03,0xD0,0x01,0x60,0x30,0xF4,0xAD,
    /* 6AF0 */ 0xB7,0x03,0xF0,0xEF,0xA5,0x44,0x29,0x0F,0xD0,0xE9,0xA0,0x00,0xA9,0x21,0x85,0x08,
    /* 6B00 */ 0xA2,0x14,0xA5,0x34,0xC9,0x01,0xD0,0x04,0xA2,0x18,0xD0,0x0B,0xA5,0x44,0x29,0x20,
    /* 6B10 */ 0xD0,0x05,0xC8,0xE6,0x08,0xA2,0x18,0x84,0x07,0x4C,0x6D,0x6B,0xA5,0x35,0xF0,0x24,
    /* 6B20 */ 0xA5,0xB8,0x25,0xB9,0x10,0x03,0x20,0x57,0x6B,0xA5,0xB8,0x05,0xB9,0xF0,0x01,0x60,
    /* 6B30 */ 0xA2,0x07,0x95,0xA8,0xCA,0x10,0xFB,0x85,0xB6,0x85,0xB7,0x8D,0xBD,0x03,0x8D,0xBE,
    /* 6B40 */ 0x03,0x8D,0xF1,0x03,0x60,0xAD,0x0A,0x10,0x29,0x07,0xF0,0x01,0x60,0xA5,0xB8,0x30,
    /* 6B50 */ 0x03,0x4C,0xBD,0x72,0x4C,0xC1,0x72,0xA9,0x00,0x85,0x56,0x85,0x57,0x85,0x5C,0x85,
    /* 6B60 */ 0x5D,0x8D,0x01,0x10,0x8D,0x07,0x10,0x60,0xA4,0x07,0xBE,0x97,0x03,0xB9,0xCF,0x6A,
    /* 6B70 */ 0x24,0x35,0x10,0x16,0xE0,0x19,0x90,0x02,0xA2,0x18,0x85,0x1C,0xE4,0x1C,0x90,0x0A,
    /* 6B80 */ 0xB5,0x97,0x30,0x02,0xF0,0x05,0xCA,0x4C,0x7C,0x6B,0x60,0xAD,0xB7,0x03,0xD0,0x08,
    /* 6B90 */ 0xAD,0xB6,0x03,0xCD,0xB8,0x03,0xB0,0xF2,0xEE,0xB6,0x03,0xA5,0x08,0x9D,0xB0,0x03,
    /* 6BA0 */ 0xA8,0xAD,0x0A,0x10,0x48,0xA9,0x00,0x9D,0x20,0x03,0x9D,0x52,0x03,0x68,0x48,0x4A,
    /* 6BB0 */ 0xB0,0x27,0x4A,0x48,0xA9,0x00,0xB0,0x05,0xA9,0x17,0xDE,0x52,0x03,0x9D,0xE7,0x02,
    /* 6BC0 */ 0x38,0xF9,0xE7,0x02,0x20,0x4B,0x68,0x85,0x0A,0xC9,0x02,0x68,0x90,0x3D,0x4A,0x9D,
    /* 6BD0 */ 0xB5,0x02,0x38,0xF9,0xB5,0x02,0x4C,0x04,0x6C,0x4A,0x48,0xA9,0x00,0xB0,0x05,0xA9,
    /* 6BE0 */ 0x1F,0xDE,0x20,0x03,0x9D,0xB5,0x02,0x38,0xF9,0xB5,0x02,0x20,0x4B,0x68,0x85,0x0A,
    /* 6BF0 */ 0x68,0x4A,0xC9,0x18,0x90,0x07,0xE9,0x18,0x85,0x1C,0x0A,0x65,0x1C,0x9D,0xE7,0x02,
    /* 6C00 */ 0x38,0xF9,0xE7,0x02,0x20,0x4B,0x68,0xC9,0x02,0xB0,0x06,0x68,0x69,0x21,0x4C,0xA4,
    /* 6C10 */ 0x6B,0x65,0x0A,0xC9,0x04,0x68,0xB0,0x05,0x69,0x81,0x4C,0xA4,0x6B,0xBC,0xB0,0x03,
    /* 6C20 */ 0xB9,0x8A,0x03,0x9D,0x74,0x02,0xB9,0x8C,0x03,0x95,0x97,0xA9,0x00,0x9D,0x66,0x02,
    /* 6C30 */ 0x9D,0x00,0x02,0x9D,0x32,0x02,0x9D,0x7E,0x03,0xAD,0xBD,0x03,0xF0,0x05,0xCE,0xBD,
    /* 6C40 */ 0x03,0x10,0x12,0xAD,0xBE,0x03,0xF0,0x05,0xCE,0xBE,0x03,0x10,0x0B,0xAD,0x0A,0x10,
    /* 6C50 */ 0xD9,0x78,0x03,0xB0,0x03,0x20,0xC7,0x53,0x86,0x0C,0x20,0x1F,0x49,0xA6,0x0C,0x9D,
    /* 6C60 */ 0x82,0x02,0x4C,0x5C,0x4B,0xA5,0x44,0x2C,0xB7,0x03,0x10,0x05,0x29,0x07,0x4C,0x79,
    /* 6C70 */ 0x6C,0x29,0x1F,0x4A,0xB0,0x32,0x4A,0xB0,0x2F,0x18,0x69,0x11,0xAA,0x86,0x0C,0xBC,
    /* 6C80 */ 0xB0,0x03,0xB5,0x97,0x30,0x22,0xF0,0x20,0xBD,0x7E,0x03,0x30,0x03,0x4C,0x56,0x49,
    /* 6C90 */ 0x20,0xED,0x48,0x4C,0x59,0x49,0xA9,0x01,0x8D,0x00,0x20,0xA9,0xE0,0x8D,0x01,0x20,
    /* 6CA0 */ 0xA9,0x20,0x8D,0x03,0x20,0x8D,0x03,0x24,0x60,0xFC,0x03,0x05,0xFE,0x00,0xFA,0x06,
    /* 6CB0 */ 0x02,0x01,0x07,0xFC,0xFC,0xC0,0x30,0x50,0xE0,0x00,0xA0,0x60,0x20,0x10,0x70,0xC0,
    /* 6CC0 */ 0xC0,0xFF,0x00,0x00,0xFF,0x00,0xFF,0x00,0x00,0x00,0x00,0xFF,0xFF,0x00,0x00,0x80,
    /* 6CD0 */ 0x80,0x00,0x00,0x00,0x80,0x02,0x01,0x02,0x01,0x58,0x50,0x40,0x38,0x30,0x28,0x20,
    /* 6CE0 */ 0x10,0x08,0x09,0x07,0x06,0x06,0x06,0x06,0x06,0x03,0x02,0x7F,0x6F,0x5F,0x4F,0x3F,
    /* 6CF0 */ 0x2F,0x1F,0x0F,0x07,0x1F,0x17,0x10,0x0C,0x09,0x07,0x06,0x05,0x03,0x60,0x60,0x40,
    /* 6D00 */ 0x40,0x30,0x30,0x28,0x28,0x18,0x0C,0x0C,0x0A,0x0A,0x06,0x06,0x05,0x05,0x03,0x01,
    /* 6D10 */ 0x01,0x02,0x03,0x01,0x02,0x03,0x04,0x02,0x03,0x04,0x05,0x00,0x03,0x06,0x09,0x0C,
    /* 6D20 */ 0x10,0x13,0x16,0x19,0x1C,0x1F,0x22,0x25,0x28,0x2B,0x2E,0x31,0x33,0x36,0x39,0x3C,
    /* 6D30 */ 0x3F,0x41,0x44,0x47,0x49,0x4C,0x4E,0x51,0x53,0x55,0x58,0x5A,0x5C,0x5E,0x60,0x62,
    /* 6D40 */ 0x64,0x66,0x68,0x6A,0x6B,0x6D,0x6F,0x70,0x71,0x73,0x74,0x75,0x76,0x78,0x79,0x7A,
    /* 6D50 */ 0x7A,0x7B,0x7C,0x7D,0x7D,0x7E,0x7E,0x7E,0x7F,0x7F,0x7F,0x7F,0x00,0x00,0x00,0x00,
    /* 6D60 */ 0x00,0x00,0x00,0x00,0x00,0x00,0x00,0x00,0x00,0x00,0x00,0x00,0x00,0x01,0x02,0x03,
    /* 6D70 */ 0x04,0x05,0x06,0x07,0x08,0x09,0x0A,0x0B,0x0C,0x0D,0x0E,0x0F,0x00,0x02,0x04,0x06,
    /* 6D80 */ 0x08,0x0A,0x0C,0x0E,0x10,0x12,0x14,0x16,0x18,0x1A,0x1C,0x1E,0x00,0x03,0x06,0x09,
    /* 6D90 */ 0x0C,0x0F,0x12,0x15,0x18,0x1B,0x1E,0x21,0x24,0x27,0x2A,0x2D,0x00,0x04,0x08,0x0C,
    /* 6DA0 */ 0x10,0x14,0x18,0x1C,0x20,0x24,0x28,0x2C,0x30,0x34,0x38,0x3C,0x00,0x05,0x0A,0x0F,
    /* 6DB0 */ 0x14,0x19,0x1E,0x23,0x28,0x2D,0x32,0x37,0x3C,0x41,0x46,0x4B,0x00,0x06,0x0C,0x12,
    /* 6DC0 */ 0x18,0x1E,0x24,0x2A,0x30,0x36,0x3C,0x42,0x48,0x4E,0x54,0x5A,0x00,0x07,0x0E,0x15,
    /* 6DD0 */ 0x1C,0x23,0x2A,0x31,0x38,0x3F,0x46,0x4D,0x54,0x5B,0x62,0x69,0x00,0x08,0x10,0x18,
    /* 6DE0 */ 0x20,0x28,0x30,0x38,0x40,0x48,0x50,0x58,0x60,0x68,0x70,0x78,0x00,0x09,0x12,0x1B,
    /* 6DF0 */ 0x24,0x2D,0x36,0x3F,0x48,0x51,0x5A,0x63,0x6C,0x75,0x7E,0x87,0x00,0x0A,0x14,0x1E,
    /* 6E00 */ 0x28,0x32,0x3C,0x46,0x50,0x5A,0x64,0x6E,0x78,0x82,0x8C,0x96,0x00,0x0B,0x16,0x21,
    /* 6E10 */ 0x2C,0x37,0x42,0x4D,0x58,0x63,0x6E,0x79,0x84,0x8F,0x9A,0xA5,0x00,0x0C,0x18,0x24,
    /* 6E20 */ 0x30,0x3C,0x48,0x54,0x60,0x6C,0x78,0x84,0x90,0x9C,0xA8,0xB4,0x00,0x0D,0x1A,0x27,
    /* 6E30 */ 0x34,0x41,0x4E,0x5B,0x68,0x75,0x82,0x8F,0x9C,0xA9,0xB6,0xC3,0x00,0x0E,0x1C,0x2A,
    /* 6E40 */ 0x38,0x46,0x54,0x62,0x70,0x7E,0x8C,0x9A,0xA8,0xB6,0xC4,0xD2,0x00,0x0F,0x1E,0x2D,
    /* 6E50 */ 0x3C,0x4B,0x5A,0x69,0x78,0x87,0x96,0xA5,0xB4,0xC3,0xD2,0xE1,0x04,0xAC,0x89,0xAB,
    /* 6E60 */ 0xE4,0xAB,0x73,0xAB,0xC5,0xAB,0x57,0xAB,0xA5,0xAB,0x40,0xAB,0x05,0xAC,0x8A,0xAB,
    /* 6E70 */ 0xE5,0xAB,0x74,0xAB,0xC6,0xAB,0x58,0xAB,0xA6,0xAB,0x41,0xAB,0x89,0x90,0x22,0x9E,
    /* 6E80 */ 0x22,0xAC,0x22,0xBA,0x22,0xBC,0x22,0xBE,0x22,0xC0,0x22,0xC2,0x22,0x73,0xED,0x8F,
    /* 6E90 */ 0xED,0x16,0xED,0xD6,0xEC,0x11,0xEE,0x24,0xEC,0x88,0xEC,0x59,0xEE,0x9A,0xED,0xB7,
    /* 6EA0 */ 0xED,0x29,0xED,0xE9,0xEC,0x1F,0xEE,0x40,0xEC,0x93,0xEC,0x70,0xEE,0xC3,0xED,0xDD,
    /* 6EB0 */ 0xED,0x40,0xED,0xF5,0xEC,0x32,0xEE,0x58,0xEC,0xA5,0xEC,0x87,0xEE,0xE8,0xED,0x05,
    /* 6EC0 */ 0xEE,0x5A,0xED,0x01,0xED,0x46,0xEE,0x70,0xEC,0xAF,0xEC,0x9F,0xEE,0x48,0xA1,0x4F,
    /* 6ED0 */ 0xA1,0x56,0xA1,0x5D,0xA1,0x5E,0xA1,0x5F,0xA1,0x60,0xA1,0x61,0xA1,0x00,0x08,0x10,
    /* 6EE0 */ 0x18,0x28,0x30,0x20,0x38,0xA2,0x00,0xA5,0x44,0x29,0x03,0xD0,0x02,0xA2,0x02,0xFE,
    /* 6EF0 */ 0xD6,0x03,0xBD,0xD6,0x03,0x29,0x03,0xD0,0x10,0xFE,0xDA,0x03,0x30,0x0B,0xA9,0xFD,
    /* 6F00 */ 0xE0,0x02,0xD0,0x02,0xA9,0xFC,0x9D,0xDA,0x03,0xDE,0xD7,0x03,0xBD,0xD7,0x03,0x29,
    /* 6F10 */ 0x03,0xC9,0x03,0xD0,0x10,0xDE,0xDB,0x03,0x10,0x0B,0xA9,0x02,0xE0,0x02,0xD0,0x02,
    /* 6F20 */ 0xA9,0x03,0x9D,0xDB,0x03,0xCA,0xCA,0x10,0xC6,0xA2,0x03,0x20,0x17,0x70,0xB9,0x7D,
    /* 6F30 */ 0x6E,0x85,0x01,0xB9,0x7E,0x6E,0x85,0x02,0x20,0x1F,0x70,0xA6,0x0A,0xA9,0x02,0x85,
    /* 6F40 */ 0x0B,0xBD,0xDA,0x03,0x29,0x03,0xE0,0x03,0xB0,0x1F,0xE0,0x02,0x90,0x02,0x69,0x05,
    /* 6F50 */ 0xAA,0xBD,0x09,0x70,0x91,0x01,0xC8,0xE8,0xA9,0x64,0x91,0x01,0xC8,0xA9,0xC0,0x91,
    /* 6F60 */ 0x01,0xC8,0x91,0x01,0xC8,0xC6,0x0B,0x10,0xE8,0xA6,0x0A,0xCA,0x10,0xBD,0xA2,0x03,
    /* 6F70 */ 0x20,0x17,0x70,0xB9,0x85,0x6E,0x85,0x01,0xB9,0x86,0x6E,0x85,0x02,0xA9,0x08,0x18,
    /* 6F80 */ 0x65,0x0C,0x85,0x0C,0x8A,0x29,0x01,0xAA,0xE8,0xE8,0x20,0x1F,0x70,0xA6,0x0A,0xCA,
    /* 6F90 */ 0x10,0xDE,0xA5,0x44,0x29,0x03,0xF0,0x01,0x60,0xEE,0xED,0x03,0xAD,0xED,0x03,0x29,
    /* 6FA0 */ 0x03,0x8D,0xED,0x03,0xD0,0xF2,0xAD,0xC4,0x22,0xAE,0xC8,0x22,0xAC,0xCC,0x22,0x8D,
    /* 6FB0 */ 0xCC,0x22,0x8E,0xC4,0x22,0x8C,0xC8,0x22,0x60,0x01,0x02,0x02,0x03,0x02,0x03,0x04,
    /* 6FC0 */ 0x03,0x04,0x05,0x04,0x05,0x06,0x05,0x06,0x07,0x06,0x07,0x80,0x00,0x80,0x00,0x00,
    /* 6FD0 */ 0x80,0x00,0x00,0x80,0x00,0x00,0x80,0x00,0x00,0x80,0x00,0x00,0x80,0x86,0x17,0x84,
    /* 6FE0 */ 0x15,0xAE,0xAF,0x03,0xE0,0x12,0x90,0x02,0xA2,0x12,0xBD,0xB8,0x6F,0xBC,0xCA,0x6F,
    /* 6FF0 */ 0x10,0x0E,0xCE,0xF8,0x03,0x10,0x06,0xBD,0xB8,0x6F,0x8D,0xF8,0x03,0xAD,0xF8,0x03,
    /* 7000 */ 0xAA,0xBD,0xDD,0x6E,0xA6,0x17,0xA4,0x15,0x60,0xE1,0xE2,0xE4,0xE1,0xE2,0xE4,0xE4,
    /* 7010 */ 0xE6,0xE1,0xE2,0xE4,0xE6,0xE1,0xE2,0x86,0x0A,0x8A,0x0A,0x85,0x0C,0xA8,0x60,0xBD,
    /* 7020 */ 0xD6,0x03,0x29,0x03,0x0A,0x0A,0x0A,0x0A,0x18,0x65,0x0C,0xAA,0xA0,0x00,0xBD,0x8D,
    /* 7030 */ 0x6E,0x91,0x01,0xC8,0xE8,0xBD,0x8D,0x6E,0x91,0x01,0xC8,0x60,0x2C,0xF1,0x03,0x10,
    /* 7040 */ 0x41,0xA9,0x41,0x85,0xB7,0xAD,0x3F,0x03,0x8D,0x40,0x03,0x85,0x18,0xAC,0xD4,0x02,
    /* 7050 */ 0x8C,0xD5,0x02,0x8A,0x48,0xA2,0x03,0xA5,0x18,0x9D,0x44,0x03,0x98,0x9D,0xD9,0x02,
    /* 7060 */ 0xCA,0x10,0xF4,0x18,0xAD,0xF3,0x03,0xAA,0x6D,0x06,0x03,0x8D,0x07,0x03,0xAD,0x71,
    /* 7070 */ 0x03,0x8D,0x72,0x03,0xAD,0x1F,0x02,0x8D,0x20,0x02,0xBD,0x7F,0x70,0x8D,0xF2,0x03,
    /* 7080 */ 0x68,0xAA,0x60,0x02,0x02,0x03,0x04,0x04,0x05,0x05,0x06,0x06,0x07,0x07,0x07,0x08,
    /* 7090 */ 0x08,0xA2,0x01,0xB5,0xB6,0xD0,0x04,0xCA,0x10,0xF9,0x60,0x38,0xB5,0xD3,0x10,0x0F,
    /* 70A0 */ 0xFD,0x1F,0x02,0x50,0x02,0x49,0x80,0x10,0xEE,0xDE,0x1F,0x02,0x4C,0x97,0x70,0xFD,
    /* 70B0 */ 0x1F,0x02,0xF0,0xE3,0x50,0x02,0x49,0x80,0x30,0xDD,0xFE,0x1F,0x02,0x4C,0x97,0x70,
    /* 70C0 */ 0x90,0x00,0x00,0x01,0x04,0x00,0x00,0x00,0x00,0x00,0x00,0x00,0x00,0x00,0x00,0x00,
    /* 70D0 */ 0x00,0x07,0x0A,0x00,0x00,0x00,0x00,0x00,0x00,0x00,0x00,0x00,0x00,0x00,0x00,0x00,
    /* 70E0 */ 0x00,0x00,0x00,0x00,0x00,0x00,0x00,0x15,0x0A,0x00,0x00,0x00,0x00,0x00,0x00,0x00,
    /* 70F0 */ 0x00,0x0D,0x10,0x00,0x00,0x00,0x00,0x00,0x00,0x00,0x00,0x00,0x00,0x00,0x00,0x00,
    /* 7100 */ 0x00,0x00,0x00,0x00,0x00,0x00,0x00,0x18,0x10,0x00,0x00,0x00,0x00,0x00,0x00,0x00,
    /* 7110 */ 0x00,0x00,0x00,0x00,0x00,0x21,0x26,0x00,0x00,0x00,0x00,0x00,0x00,0x00,0x00,0x00,
    /* 7120 */ 0x00,0x00,0x00,0x00,0x00,0x00,0x00,0x00,0x00,0x00,0x00,0x00,0x00,0x49,0x50,0x5F,
    /* 7130 */ 0x62,0x00,0x00,0x00,0x00,0x00,0x00,0x00,0x00,0x65,0x68,0x00,0x00,0x00,0x00,0x00,
    /* 7140 */ 0x00,0x3E,0x45,0x00,0x00,0x00,0x00,0x00,0x00,0x00,0x00,0x00,0x00,0x00,0x00,0x00,
    /* 7150 */ 0x00,0x00,0x00,0x00,0x00,0x00,0x00,0x3E,0x45,0x00,0x00,0x00,0x00,0x00,0x00,0x00,
    /* 7160 */ 0x00,0x6B,0x70,0x00,0x00,0x00,0x00,0x00,0x00,0x00,0x00,0x00,0x00,0x00,0x00,0x00,
    /* 7170 */ 0x00,0x1B,0x1E,0x00,0x00,0x00,0x00,0x00,0x00,0x00,0x00,0x00,0x00,0x00,0x00,0x00,
    /* 7180 */ 0x00,0x00,0x00,0x00,0x00,0x00,0x00,0x1B,0x1E,0x00,0x00,0x00,0x00,0x00,0x00,0x00,
    /* 7190 */ 0x00,0x00,0x00,0x81,0x86,0x00,0x00,0x00,0x00,0x00,0x00,0x00,0x00,0x00,0x00,0x00,
    /* 71A0 */ 0x00,0x01,0x08,0x02,0x10,0x00,0x00,0x87,0x20,0xFE,0x04,0x00,0x00,0x24,0x01,0x03,
    /* 71B0 */ 0x40,0x00,0x00,0xA4,0x10,0xFF,0x04,0x00,0x00,0x0A,0xFF,0x00,0x10,0x00,0x00,0x40,
    /* 71C0 */ 0x20,0x01,0x0A,0x4A,0x10,0x01,0x06,0x00,0x00,0x24,0x01,0x03,0x40,0x00,0x00,0x09,
    /* 71D0 */ 0xFF,0x00,0x10,0x00,0x00,0xB0,0x02,0x00,0x0F,0x00,0x00,0xC0,0x01,0x02,0x0F,0x00,
    /* 71E0 */ 0x00,0x06,0xE0,0x00,0x01,0x05,0xE0,0x00,0x01,0x00,0x00,0xAF,0x10,0x00,0x01,0xA0,
    /* 71F0 */ 0x10,0x00,0x01,0xAF,0x10,0x00,0x01,0xA0,0x10,0x00,0x01,0xAF,0x10,0x00,0x01,0xA0,
    /* 7200 */ 0x10,0x00,0x01,0xAF,0x10,0x00,0x01,0xA0,0x10,0x00,0x01,0xAF,0x10,0x00,0x01,0xA0,
    /* 7210 */ 0x10,0x00,0x01,0xAF,0x10,0x00,0x01,0xA0,0x10,0x00,0x01,0x00,0x02,0x00,0x0A,0xFF,
    /* 7220 */ 0x01,0x00,0x04,0x00,0x02,0x00,0x10,0x00,0x00,0x07,0x10,0x01,0x20,0x00,0x00,0x00,
    /* 7230 */ 0x00,0xA0,0x01,0xFE,0x08,0xA0,0x01,0xFE,0x04,0x98,0x10,0x04,0x10,0x00,0x00,0x82,
    /* 7240 */ 0x02,0x01,0x04,0x8C,0x08,0xFF,0x03,0x80,0x04,0x00,0x01,0x8C,0x20,0xFF,0x01,0x86,
    /* 7250 */ 0x40,0xFF,0x01,0x82,0x40,0xFF,0x01,0x81,0x40,0xFF,0x01,0x00,0x00,0xC0,0x10,0x04,
    /* 7260 */ 0x10,0x00,0x00,0x86,0x50,0xFE,0x03,0x00,0x00,0x02,0x07,0x00,0x01,0x00,0x00,0x84,
    /* 7270 */ 0x07,0x00,0x01,0x00,0x00,0x00,0x01,0x04,0xFF,0xFF,0x01,0x04,0xFF,0x00,0x00,0xAF,
    /* 7280 */ 0x01,0x00,0x40,0xA3,0x01,0x00,0x40,0xAD,0x01,0x00,0x40,0xA7,0x01,0x00,0x40,0xA5,
    /* 7290 */ 0x01,0x00,0x40,0xA3,0x01,0x00,0x40,0xA4,0x01,0x00,0x40,0xA1,0x01,0x00,0x40,0x00,
    /* 72A0 */ 0x00,0x20,0x01,0x00,0x03,0x80,0x01,0x10,0x06,0x00,0x00,0xAF,0x01,0xFE,0x02,0xA0,
    /* 72B0 */ 0x01,0x00,0x01,0xA3,0x02,0xFF,0x03,0x00,0x00,0xA9,0xDF,0xD0,0x34,0xA9,0x9F,0xD0,
    /* 72C0 */ 0x30,0xA9,0x8F,0xD0,0x2C,0xA9,0x4F,0xD0,0x28,0xA9,0x3F,0xD0,0x24,0xA9,0xBF,0xD0,
    /* 72D0 */ 0x20,0xA9,0xCF,0xD0,0x1C,0xA9,0x0F,0xD0,0x18,0xA9,0x1F,0xD0,0x14,0xA9,0x2F,0xD0,
    /* 72E0 */ 0x10,0xA9,0x5F,0xD0,0x0C,0xA9,0x6F,0xD0,0x08,0xA9,0x7F,0xD0,0x04,0xA9,0xAF,0xD0,
    /* 72F0 */ 0x00,0x2C,0xDE,0x03,0x30,0x04,0x24,0x35,0x10,0x22,0x86,0x1C,0x84,0x1D,0xA8,0xA2,
    /* 7300 */ 0x0F,0xB9,0xC1,0x70,0xF0,0x0E,0x86,0x96,0x95,0x56,0xA9,0x01,0x95,0x86,0x95,0x76,
    /* 7310 */ 0xA9,0xFF,0x85,0x96,0x88,0xCA,0x10,0xE9,0xA6,0x1C,0xA4,0x1D,0x60,0xA2,0x0F,0xB5,
    /* 7320 */ 0x56,0xF0,0x7E,0xE4,0x96,0xF0,0x7A,0xD6,0x86,0xD0,0x76,0xD6,0x76,0xD0,0x38,0xF6,
    /* 7330 */ 0x56,0xF6,0x56,0xB5,0x56,0x0A,0xA8,0xB0,0x10,0xB9,0x9B,0x71,0x95,0x66,0xB9,0x9E,
    /* 7340 */ 0x71,0x95,0x76,0xB9,0x9C,0x71,0x4C,0x56,0x73,0xB9,0x9B,0x72,0x95,0x66,0xB9,0x9E,
    /* 7350 */ 0x72,0x95,0x76,0xB9,0x9C,0x72,0x95,0x86,0xD0,0x0A,0x95,0x56,0xB5,0x66,0xF0,0x04,
    /* 7360 */ 0x95,0x56,0xD0,0xCB,0x4C,0x92,0x73,0x0A,0xA8,0xB0,0x0B,0xB9,0x9C,0x71,0x95,0x86,
    /* 7370 */ 0xB9,0x9D,0x71,0x4C,0x7E,0x73,0xB9,0x9C,0x72,0x95,0x86,0xB9,0x9D,0x72,0xB4,0x66,
    /* 7380 */ 0x18,0x75,0x66,0x95,0x66,0x8A,0x4A,0x90,0x09,0x98,0x55,0x66,0x29,0xF0,0x55,0x66,
    /* 7390 */ 0x95,0x66,0xB5,0x66,0xE0,0x08,0x90,0x06,0x9D,0xF8,0x13,0x4C,0xA1,0x73,0x9D,0x00,
    /* 73A0 */ 0x10,0xCA,0x30,0x03,0x4C,0x1F,0x73,0x60,0xA9,0x00,0x8D,0x0F,0x10,0x8D,0x0F,0x14,
    /* 73B0 */ 0xA9,0x07,0x8D,0x0F,0x10,0x8D,0x0F,0x14,0xA2,0x07,0xA9,0x00,0x9D,0x00,0x10,0x9D,
    /* 73C0 */ 0x00,0x14,0x95,0x56,0x95,0x66,0xCA,0x10,0xF3,0xA9,0x00,0x8D,0x08,0x10,0xA2,0x00,
    /* 73D0 */ 0x8E,0x08,0x14,0x60,0xAD,0xB7,0x03,0xD0,0x11,0x8D,0x02,0x14,0x8D,0x03,0x14,0x8D,
    /* 73E0 */ 0xE9,0x03,0x8D,0x08,0x14,0xAA,0xA9,0xFF,0xD0,0x22,0xA9,0x01,0x8D,0x08,0x14,0xA5,
    /* 73F0 */ 0x44,0x29,0x07,0xD0,0x0C,0xAD,0xE9,0x03,0xC9,0x30,0x90,0x05,0xE9,0x01,0x8D,0xE9,
    /* 7400 */ 0x03,0xAD,0xE9,0x03,0x8D,0x02,0x14,0xA2,0xA3,0x8E,0x03,0x14,0xA4,0x5A,0xD0,0x09,
    /* 7410 */ 0x18,0x69,0x01,0x8D,0x04,0x10,0x8E,0x05,0x10,0x60,0xA2,0x02,0xAD,0x00,0x08,0xE0,
    /* 7420 */ 0x01,0xF0,0x03,0xB0,0x02,0x4A,0x4A,0x4A,0xB5,0x2D,0x29,0x1F,0xB0,0x37,0xF0,0x10,
    /* 7430 */ 0xC9,0x1B,0xB0,0x0A,0xA8,0xA5,0x21,0x29,0x07,0xC9,0x07,0x98,0x90,0x02,0xE9,0x01,
    /* 7440 */ 0x95,0x2D,0xAD,0x00,0x08,0x29,0x08,0xD0,0x04,0xA9,0xF0,0x85,0x25,0xA5,0x25,0xF0,
    /* 7450 */ 0x08,0xC6,0x25,0xA9,0x00,0x95,0x2D,0x95,0x2A,0x18,0xB5,0x2A,0xF0,0x23,0xD6,0x2A,
    /* 7460 */ 0xD0,0x1F,0x38,0xB0,0x1C,0xC9,0x1B,0xB0,0x09,0xB5,0x2D,0x69,0x20,0x90,0xD1,0xF0,
    /* 7470 */ 0x01,0x18,0xA9,0x1F,0xB0,0xCA,0x95,0x2D,0xB5,0x2A,0xF0,0x01,0x38,0xA9,0x78,0x95,
    /* 7480 */ 0x2A,0x90,0x2A,0xA9,0x00,0xE0,0x01,0x90,0x16,0xF0,0x0C,0xA5,0x24,0x29,0x0C,0x4A,
    /* 7490 */ 0x4A,0xF0,0x0C,0x69,0x02,0xD0,0x08,0xA5,0x24,0x29,0x10,0xF0,0x02,0xA9,0x01,0x38,
    /* 74A0 */ 0x48,0x65,0x22,0x85,0x22,0x68,0x38,0x65,0x26,0x85,0x26,0xF6,0x27,0xCA,0x30,0x03,
    /* 74B0 */ 0x4C,0x1C,0x74,0xA5,0x24,0x4A,0x4A,0x4A,0x4A,0x4A,0xA8,0xA5,0x22,0x38,0xF9,0xCF,
    /* 74C0 */ 0x74,0x30,0x14,0x85,0x22,0xE6,0x23,0xC0,0x03,0xD0,0x0C,0xE6,0x23,0xD0,0x08,0x7F,
    /* 74D0 */ 0x02,0x04,0x04,0x05,0x03,0x7F,0x7F,0xA5,0x24,0x29,0x03,0xA8,0xF0,0x1A,0x4A,0x69,
    /* 74E0 */ 0x00,0x49,0xFF,0x38,0x65,0x26,0xB0,0x08,0x65,0x23,0x30,0x0E,0x85,0x23,0xA9,0x00,
    /* 74F0 */ 0xC0,0x02,0xB0,0x02,0xE6,0x20,0xE6,0x20,0x85,0x26,0xE6,0x21,0xA5,0x21,0x4A,0xB0,
    /* 7500 */ 0x27,0xA0,0x00,0xA2,0x02,0xB5,0x27,0xF0,0x09,0xC9,0x10,0x90,0x05,0x69,0xEF,0xC8,
    /* 7510 */ 0x95,0x27,0xCA,0x10,0xF0,0x98,0xD0,0x10,0xA2,0x02,0xB5,0x27,0xF0,0x07,0x18,0x69,
    /* 7520 */ 0xEF,0x95,0x27,0x30,0x03,0xCA,0x10,0xF2,0x60,0xA0,0x03,0x84,0x18,0xA0,0xC1,0x20,
    /* 7530 */ 0x97,0x8E,0x2C,0x07,0x09,0x50,0x07,0xA9,0x14,0xA2,0xA8,0x4C,0x42,0x75,0xA9,0x00,
    /* 7540 */ 0xA2,0xA8,0x20,0xA5,0x8E,0xA4,0x18,0xBE,0x1E,0x76,0xB9,0x22,0x76,0x2C,0x07,0x09,
    /* 7550 */ 0x50,0x03,0xB9,0x3A,0x76,0x20,0x60,0x77,0xA4,0x18,0xBE,0x4E,0x76,0xB9,0x52,0x76,
    /* 7560 */ 0x20,0xA5,0x8E,0xA5,0x20,0xF0,0x36,0x24,0x1F,0x30,0x32,0x2C,0xEE,0x03,0x30,0x2D,
    /* 7570 */ 0xAC,0xE6,0x03,0x20,0x97,0x8E,0xA4,0x34,0xBE,0x2E,0x76,0xB9,0x32,0x76,0x2C,0x07,
    /* 7580 */ 0x09,0x50,0x03,0xB9,0x3E,0x76,0x20,0x60,0x77,0xA5,0x44,0x29,0x1C,0xC9,0x10,0xB0,
    /* 7590 */ 0x0C,0x4A,0x4A,0xA8,0xBE,0x46,0x76,0xB9,0x4A,0x76,0x20,0xA5,0x8E,0xA4,0x18,0xBE,
    /* 75A0 */ 0x26,0x76,0xB9,0x2A,0x76,0x2C,0x07,0x09,0x50,0x03,0xB9,0x42,0x76,0x20,0x60,0x77,
    /* 75B0 */ 0xA2,0x06,0x20,0x30,0x77,0xA2,0x00,0xA0,0xC7,0xA5,0x20,0xD0,0x04,0xA2,0x02,0xD0,
    /* 75C0 */ 0x2A,0x24,0x1F,0x30,0xF8,0x2C,0xEE,0x03,0x30,0x06,0xA5,0x18,0xC5,0x34,0xF0,0x25,
    /* 75D0 */ 0xE8,0xA0,0xE5,0xA5,0x44,0x29,0x08,0xD0,0x02,0xA0,0xE3,0x24,0x13,0x30,0x16,0xA5,
    /* 75E0 */ 0x20,0xC9,0x02,0xB0,0x10,0xA5,0x18,0x4A,0xB0,0x0B,0xE8,0xA0,0xE6,0xA5,0x44,0x29,
    /* 75F0 */ 0x04,0xD0,0x02,0xA0,0xE4,0x98,0xBC,0x56,0x76,0x20,0x73,0x77,0xA2,0x20,0xA4,0xD1,
    /* 7600 */ 0xB9,0x36,0x76,0x20,0xC1,0x8E,0xA6,0x18,0xBC,0x59,0x76,0x20,0x79,0x77,0xA4,0x18,
    /* 7610 */ 0x2C,0x07,0x09,0x50,0x01,0x88,0x88,0x84,0x18,0x30,0x42,0x4C,0x45,0x75,0x20,0x20,
    /* 7620 */ 0xD6,0xD6,0xC0,0x48,0xBA,0x48,0x08,0x08,0xC2,0xC2,0x9A,0x20,0x9A,0x20,0x3C,0x3C,
    /* 7630 */ 0xF6,0xF6,0x82,0x02,0x82,0x03,0xC0,0xAC,0xB0,0xB8,0x00,0x00,0x00,0x00,0x00,0xC4,
    /* 7640 */ 0x00,0xC4,0x00,0xDC,0x00,0xDC,0xA8,0xA8,0xA8,0xA8,0x24,0x2D,0x38,0x43,0xAB,0xAA,
    /* 7650 */ 0xAB,0xAB,0x20,0x9B,0x2B,0x26,0x0D,0x06,0x13,0x0C,0x0B,0x0C,0x0B,0xA2,0x40,0xA9,
    /* 7660 */ 0xE4,0x20,0x60,0x77,0xA9,0xE3,0xA0,0x18,0x20,0x73,0x77,0xA5,0x20,0xF0,0x12,0x20,
    /* 7670 */ 0x62,0x8C,0xA5,0x15,0x4A,0x4A,0x4A,0x4A,0x38,0x20,0x4F,0x8E,0xA5,0x15,0x20,0x4F,
    /* 7680 */ 0x8E,0xA5,0x26,0xF0,0x07,0xA9,0x6D,0xA2,0xA9,0x4C,0xA5,0x8E,0x60,0xAE,0xF5,0x03,
    /* 7690 */ 0xB5,0x97,0xD0,0x2D,0xAD,0x0A,0x10,0x29,0x17,0x95,0x97,0xAD,0x0A,0x14,0x29,0x1F,
    /* 76A0 */ 0x9D,0xB5,0x02,0xAD,0x0A,0x10,0x9D,0x20,0x03,0xAD,0x0A,0x14,0x9D,0x52,0x03,0xA9,
    /* 76B0 */ 0x00,0x9D,0xE7,0x02,0x9D,0x00,0x02,0xAD,0x0A,0x10,0x29,0x3F,0x69,0x40,0x9D,0x32,
    /* 76C0 */ 0x02,0xE8,0xE0,0x10,0x90,0x02,0xA2,0x00,0x8E,0xF5,0x03,0x60,0xA2,0x2F,0xA9,0x00,
    /* 76D0 */ 0x95,0x97,0xCA,0x10,0xFB,0x8D,0x64,0x02,0x85,0xDC,0x60,0x78,0x8D,0x0B,0x10,0xAD,
    /* 76E0 */ 0x08,0x10,0x58,0x49,0x85,0x85,0xD0,0x4A,0x4A,0xA8,0x29,0x03,0xAA,0xA5,0x34,0x4A,
    /* 76F0 */ 0x4A,0x90,0x04,0xE8,0xE8,0xE8,0xE8,0xBD,0x28,0x77,0x85,0xD2,0x98,0x4A,0x4A,0x29,
    /* 7700 */ 0x03,0x85,0xD1,0x24,0x35,0x30,0x1C,0xA5,0xD0,0x2A,0x2A,0x2A,0x29,0x03,0xAA,0xBD,
    /* 7710 */ 0x24,0x77,0x85,0xD9,0x85,0xDA,0x85,0xDB,0xA5,0xD0,0x29,0x03,0x18,0x69,0x03,0x85,
    /* 7720 */ 0x47,0x85,0x48,0x60,0x00,0x08,0x10,0x15,0x01,0x02,0x02,0x03,0x01,0x01,0x02,0x03,
    /* 7730 */ 0xA5,0xD1,0xD0,0x01,0x60,0x8A,0x0A,0x0A,0x18,0x65,0xD1,0xA8,0xB9,0x44,0x77,0xA2,
    /* 7740 */ 0x00,0x4C,0xC1,0x8E,0x00,0xF5,0xF5,0xF5,0x00,0xE0,0xE0,0xF8,0x00,0xE5,0xF6,0xF5,
    /* 7750 */ 0x00,0xEE,0xEE,0xE0,0x00,0x1A,0xF8,0x3D,0x00,0xF2,0xF2,0x08,0x00,0xEA,0xEE,0x00,
    /* 7760 */ 0x48,0x8A,0x48,0xA9,0x61,0xA2,0xAF,0x20,0xA5,0x8E,0x68,0xAA,0x68,0x4C,0xC1,0x8E,
    /* 7770 */ 0xA2,0xD6,0x8A,0x84,0x0A,0xA8,0x4C,0x7D,0x77,0x84,0x0A,0xA0,0xD2,0x20,0x97,0x8E,
    /* 7780 */ 0xA4,0x0A,0xA5,0xD1,0x0A,0x0A,0xC0,0x15,0x90,0x0A,0x69,0x01,0xAA,0x98,0x38,0xE9,
    /* 7790 */ 0x15,0xA8,0x10,0x01,0xAA,0xBD,0x04,0x78,0x85,0x08,0xBD,0x03,0x78,0x85,0x07,0x18,
    /* 77A0 */ 0x71,0x07,0x85,0x07,0x90,0x02,0xE6,0x08,0xA0,0x00,0xA2,0x00,0xA1,0x07,0x85,0x0A,
    /* 77B0 */ 0x4A,0x4A,0x20,0xD1,0x77,0xA1,0x07,0x2A,0x26,0x0A,0x2A,0xA5,0x0A,0x2A,0x0A,0x20,
    /* 77C0 */ 0xD7,0x77,0xA1,0x07,0x85,0x0A,0x20,0xD1,0x77,0x46,0x0A,0x90,0xDF,0x88,0x4C,0xAD,
    /* 77D0 */ 0x8E,0xE6,0x07,0xD0,0x02,0xE6,0x08,0x29,0x3E,0xD0,0x04,0x68,0x68,0xD0,0xEE,0xC9,
    /* 77E0 */ 0x0A,0x90,0x02,0x69,0x0D,0xAA,0xAD,0xE4,0x03,0x0A,0xBD,0x48,0x32,0x90,0x03,0xBD,
    /* 77F0 */ 0x56,0x34,0x91,0x01,0xC8,0xBD,0x49,0x32,0x90,0x03,0xBD,0x57,0x34,0x91,0x01,0xC8,
    /* 7800 */ 0xA2,0x00,0x60,0x13,0x78,0xF4,0x78,0x97,0x79,0xA0,0x7A,0xCF,0x7A,0xC6,0x7B,0xF4,
    /* 7810 */ 0x7B,0xD9,0x7C,0x15,0x1D,0x23,0x2B,0x3D,0x51,0x69,0x71,0x77,0x83,0x8D,0x99,0x9F,
    /* 7820 */ 0xA5,0xAD,0xB5,0xBF,0xC3,0xC7,0xD1,0xD9,0x63,0x56,0x60,0x6E,0x3C,0xEC,0x4D,0xC0,
    /* 7830 */ 0xA4,0x0A,0xEA,0x6C,0x08,0x00,0x5D,0x92,0x2E,0x02,0xB9,0xE6,0xB2,0x40,0xA4,0x12,
    /* 7840 */ 0x2D,0xD2,0x0A,0x64,0xC2,0x6C,0x0F,0x66,0xCD,0x82,0x6C,0x9A,0xC3,0x4A,0x85,0xC0,
    /* 7850 */ 0xA5,0x92,0xBD,0xC2,0xB4,0xF0,0x2E,0x12,0x0E,0x26,0x0D,0xD2,0x82,0x4E,0xC0,0x60,
    /* 7860 */ 0x4E,0x30,0x4D,0x80,0xA5,0x92,0xBD,0xC2,0xBB,0x1A,0x4C,0x10,0xB8,0x76,0x62,0x64,
    /* 7870 */ 0x0C,0x12,0xC6,0x12,0xB0,0x5A,0xB8,0x4E,0x9D,0xAC,0x49,0xF1,0x0D,0xD2,0x82,0x4E,
    /* 7880 */ 0xC0,0x56,0x2C,0x53,0x59,0x62,0x48,0x66,0xD2,0x6D,0x18,0x4E,0x9B,0x64,0x09,0x02,
    /* 7890 */ 0xA4,0x0A,0xEA,0x6C,0xB8,0x00,0x18,0x4E,0x9B,0x64,0x08,0xC2,0xA4,0x0A,0xEA,0x6D,
    /* 78A0 */ 0x20,0x4E,0x9B,0x64,0xB8,0x46,0x0D,0x20,0x2F,0x52,0xB0,0x00,0x18,0x68,0x81,0x7A,
    /* 78B0 */ 0x4D,0x80,0x20,0x68,0x81,0x7A,0x4D,0xAF,0x0D,0x2C,0x4D,0xEE,0x0D,0xF0,0x2D,0xB1,
    /* 78C0 */ 0x34,0xE4,0xCD,0xC2,0x4E,0x92,0xB7,0x43,0x3C,0xE2,0x33,0x64,0x4A,0x02,0xB9,0xE6,
    /* 78D0 */ 0xB2,0x40,0x94,0xEC,0x89,0x61,0x8A,0x50,0x6E,0x63,0x20,0x4E,0x9B,0x64,0x0C,0x5A,
    /* 78E0 */ 0x93,0x62,0xCC,0x40,0x2C,0xA6,0xC3,0x12,0xB0,0x4E,0x9B,0x65,0x34,0xE4,0xCD,0xC2,
    /* 78F0 */ 0x82,0x74,0x4C,0x03,0x11,0x1B,0x25,0x2F,0x35,0x39,0x3F,0x43,0x49,0x53,0x5D,0x67,
    /* 7900 */ 0x79,0x7F,0x8D,0x95,0x9F,0x18,0x4E,0x9B,0x64,0x09,0x02,0x59,0x62,0x4D,0xC0,0x18,
    /* 7910 */ 0x4E,0x9B,0x64,0x08,0xC2,0x59,0x62,0x48,0x00,0x20,0x4E,0x9B,0x64,0xB8,0x46,0x0A,
    /* 7920 */ 0xCA,0x8A,0x40,0x3D,0x92,0x43,0x70,0xB8,0x40,0x49,0x6E,0xE8,0x00,0xBA,0x4E,0x9C,
    /* 7930 */ 0x90,0xB8,0x00,0x59,0x62,0x4D,0xC0,0x2E,0x96,0x0E,0x1A,0x8A,0x6F,0x54,0xEC,0x0D,
    /* 7940 */ 0xD2,0x82,0x82,0xC2,0x6E,0xC0,0x00,0xC4,0xC2,0x3C,0x12,0x2D,0x82,0xB9,0xE6,0xB2,
    /* 7950 */ 0x6F,0xC4,0xC2,0x3C,0x12,0x2D,0x82,0xC3,0x62,0x4D,0xC0,0xC4,0xC2,0x3C,0x12,0x2D,
    /* 7960 */ 0x82,0xC3,0x62,0x4D,0xC2,0x2C,0x90,0x0D,0xCE,0x9D,0x92,0xB8,0x00,0x4D,0x8A,0xBB,
    /* 7970 */ 0x64,0x58,0x00,0xA6,0x6E,0x60,0x6E,0xC1,0x6C,0xC0,0x4A,0x92,0x02,0xBA,0x60,0x49,
    /* 7980 */ 0xF1,0x34,0xE4,0xCD,0xC2,0x2A,0x10,0x4D,0x80,0xC4,0xF0,0x2C,0x02,0x9C,0x82,0xC3,
    /* 7990 */ 0x62,0x48,0x00,0x61,0x6C,0x40,0x00,0x15,0x21,0x27,0x35,0x4D,0x65,0x77,0x85,0x8B,
    /* 79A0 */ 0x97,0xA3,0xB1,0xB7,0xBD,0xCB,0xD3,0xDD,0xDD,0xDD,0xEB,0xF9,0x64,0xD2,0x3B,0x2E,
    /* 79B0 */ 0xC2,0x6C,0x5A,0x4C,0x93,0x6E,0xBA,0x40,0xBD,0x1A,0x4C,0x12,0xB0,0x40,0x5D,0xA6,
    /* 79C0 */ 0xBD,0xCA,0xB6,0x1A,0x5A,0x6E,0x0A,0x6C,0x5A,0x4C,0x93,0x6F,0x33,0x70,0xC2,0x42,
    /* 79D0 */ 0x5A,0x4C,0x4C,0x82,0xBB,0x52,0x0B,0x58,0xB2,0x42,0x6C,0x9A,0xC3,0x4A,0x82,0x64,
    /* 79E0 */ 0x0A,0x5A,0x90,0x00,0xF6,0x6C,0x09,0xB2,0x3B,0x2E,0xC1,0x4C,0x4C,0xB6,0x2B,0x20,
    /* 79F0 */ 0x0D,0xA6,0xC1,0x70,0x48,0x50,0xB6,0x52,0x3B,0xD2,0x90,0x00,0x53,0x6C,0x48,0x50,
    /* 7A00 */ 0xB6,0x52,0x3B,0xD2,0x90,0x76,0x4C,0xA4,0x0D,0x9A,0x3B,0x30,0x6A,0xC0,0x08,0x42,
    /* 7A10 */ 0x08,0x6E,0xA3,0x52,0x86,0xCA,0x64,0x02,0x08,0x42,0x08,0x00,0xBD,0x1A,0x4C,0x12,
    /* 7A20 */ 0x92,0x13,0x18,0x62,0xCA,0x64,0xF2,0x42,0x20,0x6E,0xA3,0x52,0x82,0x6D,0x18,0x62,
    /* 7A30 */ 0xCA,0x64,0xF2,0x42,0x18,0x6E,0xA3,0x52,0x82,0x6D,0x20,0x62,0xCA,0x64,0xF2,0x64,
    /* 7A40 */ 0x08,0xC2,0xBD,0x1A,0x4C,0x12,0xB0,0x00,0x18,0x6E,0xA3,0x52,0x82,0x6D,0x20,0x6E,
    /* 7A50 */ 0xA3,0x52,0x82,0x6D,0xBE,0x0A,0xB6,0x1E,0x94,0xE8,0x50,0x50,0xB6,0x52,0x3B,0xD2,
    /* 7A60 */ 0x90,0x00,0x34,0xE4,0xCD,0xC2,0x72,0x50,0x48,0x40,0x08,0x70,0x49,0x62,0x0D,0x32,
    /* 7A70 */ 0x93,0xF0,0x48,0x40,0x8B,0x64,0x42,0x6E,0xC2,0x64,0xB8,0x48,0x0C,0x72,0x4C,0xBC,
    /* 7A80 */ 0x4C,0x80,0x08,0x64,0x99,0xD8,0x0A,0x5A,0x92,0x42,0x8E,0x52,0x97,0x92,0x08,0x00,
    /* 7A90 */ 0xA6,0x64,0x7E,0x3C,0x2B,0x20,0x4C,0x82,0x4D,0x98,0x9A,0x58,0xC0,0x72,0x88,0x40,
    /* 7AA0 */ 0x04,0x10,0x1C,0x28,0x18,0x62,0xCA,0x64,0xF2,0x42,0x20,0x6E,0xA3,0x52,0x82,0x40,
    /* 7AB0 */ 0x18,0x62,0xCA,0x64,0xF2,0x42,0x18,0x6E,0xA3,0x52,0x80,0x00,0x20,0x62,0xCA,0x64,
    /* 7AC0 */ 0xF2,0x64,0x08,0xC2,0xBD,0x1A,0x4C,0x00,0x7D,0x92,0x43,0x70,0x48,0x40,0x00,0x15,
    /* 7AD0 */ 0x1F,0x25,0x2F,0x3F,0x55,0x6F,0x7B,0x85,0x91,0x9D,0xA9,0xAF,0xB5,0xC1,0xCB,0xD5,
    /* 7AE0 */ 0xD5,0xD5,0xE3,0xEF,0x8A,0x5A,0x84,0x12,0xCD,0xAE,0x0D,0xCE,0x9D,0x93,0x74,0xF2,
    /* 7AF0 */ 0x4E,0x6C,0x08,0x00,0xBD,0x20,0x4C,0x90,0x6A,0x12,0x0D,0xCE,0x9D,0x93,0xBE,0xA8,
    /* 7B00 */ 0x0A,0x64,0xC5,0x92,0xF0,0x74,0x9D,0xC2,0x6C,0x9A,0xC3,0x4A,0x82,0x6F,0xA4,0xF2,
    /* 7B10 */ 0xBD,0xD2,0xF0,0x6C,0x9E,0x0A,0xC2,0x42,0xA4,0xF2,0xB0,0x74,0x9D,0xC2,0x6C,0x9A,
    /* 7B20 */ 0xC3,0x4A,0x82,0x6F,0xA4,0xF2,0xBD,0xD2,0xF0,0x6E,0x63,0x52,0x82,0x2E,0x0D,0x72,
    /* 7B30 */ 0x2C,0x90,0x0C,0x12,0xC6,0x2C,0x48,0x4E,0x9D,0xAC,0x49,0xF0,0x48,0x00,0x08,0x4E,
    /* 7B40 */ 0x64,0xDA,0xE0,0x50,0xC8,0x5C,0x4E,0x42,0x08,0x40,0x53,0x64,0x0A,0x12,0x0D,0x0A,
    /* 7B50 */ 0xB6,0x1A,0x48,0x00,0x18,0x68,0x6A,0x4E,0x48,0x48,0x0B,0xA6,0xCA,0x72,0xB5,0xC0,
    /* 7B60 */ 0x18,0x68,0x6A,0x4E,0x48,0x46,0x0B,0xA6,0xCA,0x72,0xB0,0x00,0x20,0x68,0x6A,0x4E,
    /* 7B70 */ 0x4D,0xC2,0x18,0x5C,0x9E,0x52,0xCD,0x80,0x18,0x5C,0x9E,0x52,0xCD,0x80,0x20,0x5C,
    /* 7B80 */ 0x9E,0x52,0xCD,0xAF,0x2D,0x28,0xCF,0x52,0xF0,0x6E,0xCD,0x82,0xBE,0x0A,0xB6,0x00,
    /* 7B90 */ 0x34,0xE4,0xCD,0xC2,0x3B,0x0A,0xAE,0x52,0x08,0x00,0xB9,0xE6,0xB2,0x42,0x3C,0xE2,
    /* 7BA0 */ 0x33,0x64,0x48,0x00,0x46,0x52,0xE0,0x68,0x6A,0x4E,0x4D,0xC2,0x8B,0x64,0x6C,0x72,
    /* 7BB0 */ 0x88,0x00,0x0E,0x64,0x48,0x4A,0xCE,0x2C,0x48,0x68,0x6A,0x4E,0x48,0x40,0x08,0x42,
    /* 7BC0 */ 0x08,0x4C,0x9C,0xB2,0xB8,0x40,0x04,0x10,0x1C,0x28,0x18,0x68,0x6A,0x4E,0x48,0x48,
    /* 7BD0 */ 0x0B,0xA6,0xCA,0x72,0xB5,0xC0,0x18,0x68,0x6A,0x4E,0x48,0x46,0x0B,0xA6,0xCA,0x72,
    /* 7BE0 */ 0xB0,0x00,0x20,0x68,0x6A,0x4E,0x4D,0xC2,0x18,0x5C,0x9E,0x52,0xCD,0x80,0x3D,0x92,
    /* 7BF0 */ 0x43,0x70,0xB8,0x40,0x15,0x1D,0x23,0x2B,0x3F,0x59,0x63,0x6B,0x75,0x83,0x8F,0x9B,
    /* 7C00 */ 0xA1,0xA9,0xB1,0xB9,0xC3,0xC3,0xC3,0xCF,0xD7,0x08,0x6C,0x49,0xE6,0xB2,0x2E,0x08,
    /* 7C10 */ 0x40,0x76,0x56,0x2A,0x26,0xB0,0x40,0x5D,0x8A,0x90,0x68,0xCC,0xB0,0x2B,0x93,0xA4,
    /* 7C20 */ 0xEC,0x0A,0x8A,0xD4,0xEC,0x0A,0x64,0xC5,0x92,0x0D,0xF2,0xB8,0x5A,0x93,0x4E,0x69,
    /* 7C30 */ 0x60,0x4D,0xC0,0x9D,0x2C,0x6C,0x4A,0x0D,0xA6,0xC1,0x70,0x48,0x68,0x2D,0x8A,0x0D,
    /* 7C40 */ 0xD2,0x82,0x4E,0x3B,0x66,0x91,0x6C,0x0C,0x0A,0x0C,0x12,0xC5,0x8B,0x9D,0x2C,0x6C,
    /* 7C50 */ 0x4A,0x0D,0xD8,0x6A,0x60,0x45,0xC0,0x4C,0x12,0x5B,0x6C,0x0B,0xB2,0x4A,0xE7,0x76,
    /* 7C60 */ 0x52,0x5C,0xC2,0xC2,0x6C,0x8B,0x64,0x2A,0x27,0x18,0x54,0x69,0xD8,0x28,0x48,0x0B,
    /* 7C70 */ 0xB2,0x59,0x50,0x9D,0x92,0xB8,0x00,0x18,0x54,0x69,0xD8,0x28,0x46,0x0B,0xB2,0x59,
    /* 7C80 */ 0x50,0x9D,0x80,0x20,0x54,0x69,0xD8,0x2D,0xC2,0x18,0x5C,0xCA,0xCA,0x44,0xED,0x18,
    /* 7C90 */ 0x5C,0xCA,0xCA,0x44,0xED,0x20,0x5C,0xCA,0xCA,0x44,0xEC,0x4D,0xC0,0xA6,0x60,0xB9,
    /* 7CA0 */ 0x6C,0x0D,0xF0,0x2D,0xB1,0x4F,0x30,0xB1,0x42,0x39,0x50,0x28,0x40,0xB9,0xE6,0xB2,
    /* 7CB0 */ 0x42,0x42,0x42,0x2C,0x4C,0x9D,0xC0,0x44,0xEE,0x0A,0x9A,0x3B,0x0A,0xB8,0x62,0x6C,
    /* 7CC0 */ 0x9A,0x8C,0xC0,0x0C,0xF0,0xB1,0x42,0x53,0x4E,0x61,0x43,0x93,0x74,0x4C,0x02,0x42,
    /* 7CD0 */ 0x42,0x34,0xE4,0x6A,0x9A,0x3E,0x1A,0x9C,0x80,0x04,0x10,0x1A,0x26,0x18,0x54,0x69,
    /* 7CE0 */ 0xD8,0x28,0x48,0x0B,0xB2,0x4A,0xE6,0xB8,0x00,0x18,0x54,0x69,0xD8,0x28,0x46,0x0B,
    /* 7CF0 */ 0xB2,0x4A,0xE7,0x20,0x54,0x69,0xD8,0x2D,0xC2,0x18,0x5C,0xCA,0x56,0x98,0x00,0x3D,
    /* 7D00 */ 0x92,0x43,0x70,0x9D,0xC3,0x00,0x00,0x00,0x00,0x00,0x00,0x00,0x00,0x00,0x00,0x00,
    /* 7D10 */ 0x00,0x00,0x00,0x00,0x00,0x00,0x00,0x00,0x00,0x00,0x00,0x00,0x00,0x00,0x00,0x00,
    /* 7D20 */ 0x00,0x00,0x00,0x00,0x00,0x00,0x00,0x00,0x00,0x00,0x00,0x00,0x00,0x00,0x00,0x00,
    /* 7D30 */ 0x00,0x00,0x00,0x00,0x00,0x00,0x00,0x00,0x00,0x00,0x00,0x00,0x00,0x00,0x00,0x00,
    /* 7D40 */ 0x00,0x00,0x00,0x00,0x00,0x00,0x00,0x00,0x00,0x00,0x00,0x00,0x00,0x00,0x00,0x00,
    /* 7D50 */ 0x00,0x00,0x00,0x00,0x00,0x00,0x00,0x00,0x00,0x00,0x00,0x00,0x00,0x00,0x00,0x00,
    /* 7D60 */ 0x00,0x00,0x00,0x00,0x00,0x00,0x00,0x00,0x00,0x00,0x00,0x00,0x00,0x00,0x00,0x00,
    /* 7D70 */ 0x00,0x00,0x00,0x00,0x00,0x00,0x00,0x00,0x00,0x00,0x00,0x00,0x00,0x00,0x00,0x00,
    /* 7D80 */ 0x00,0x00,0x00,0x00,0x00,0x00,0x00,0x00,0x00,0x00,0x00,0x00,0x00,0x00,0x00,0x00,
    /* 7D90 */ 0x00,0x00,0x00,0x00,0x00,0x00,0x00,0x00,0x00,0x00,0x00,0x00,0x00,0x00,0x00,0x00,
    /* 7DA0 */ 0x00,0x00,0x00,0x00,0x00,0x00,0x00,0x00,0x00,0x00,0x00,0x00,0x00,0x00,0x00,0x00,
    /* 7DB0 */ 0x00,0x00,0x00,0x00,0x00,0x00,0x00,0x00,0x00,0x00,0x00,0x00,0x00,0x00,0x00,0x00,
    /* 7DC0 */ 0x00,0x00,0x00,0x00,0x00,0x00,0x00,0x00,0x00,0x00,0x00,0x00,0x00,0x00,0x00,0x00,
    /* 7DD0 */ 0x00,0x00,0x00,0x00,0x00,0x00,0x00,0x00,0x00,0x00,0x00,0x00,0x00,0x00,0x00,0x00,
    /* 7DE0 */ 0x00,0x00,0x00,0x00,0x00,0x00,0x00,0x00,0x00,0x00,0x00,0x00,0x00,0x00,0x00,0x00,
    /* 7DF0 */ 0x00,0x00,0x00,0x00,0x00,0x00,0x00,0x00,0x00,0x00,0x00,0x00,0x00,0x00,0x00,0x00,
    /* 7E00 */ 0x00,0x00,0x00,0x00,0x00,0x00,0x00,0x00,0x00,0x00,0x00,0x00,0x00,0x00,0x00,0x00,
    /* 7E10 */ 0x00,0x00,0x00,0x00,0x00,0x00,0x00,0x00,0x00,0x00,0x00,0x00,0x00,0x00,0x00,0x00,
    /* 7E20 */ 0x00,0x00,0x00,0x00,0x00,0x00,0x00,0x00,0x00,0x00,0x00,0x00,0x00,0x00,0x00,0x00,
    /* 7E30 */ 0x00,0x00,0x00,0x00,0x00,0x00,0x00,0x00,0x00,0x00,0x00,0x00,0x00,0x00,0x00,0x00,
    /* 7E40 */ 0x00,0x00,0x00,0x00,0x00,0x00,0x00,0x00,0x00,0x00,0x00,0x00,0x00,0x00,0x00,0x00,
    /* 7E50 */ 0x00,0x00,0x00,0x00,0x00,0x00,0x00,0x00,0x00,0x00,0x00,0x00,0x00,0x00,0x00,0x00,
    /* 7E60 */ 0x00,0x00,0x00,0x00,0x00,0x00,0x00,0x00,0x00,0x00,0x00,0x00,0x00,0x00,0x00,0x00,
    /* 7E70 */ 0x00,0x00,0x00,0x00,0x00,0x00,0x00,0x00,0x00,0x00,0x00,0x00,0x00,0x00,0x00,0x00,
    /* 7E80 */ 0x00,0x00,0x00,0x00,0x00,0x00,0x00,0x00,0x00,0x00,0x00,0x00,0x00,0x00,0x00,0x00,
    /* 7E90 */ 0x00,0x00,0x00,0x00,0x00,0x00,0x00,0x00,0x00,0x00,0x00,0x00,0x00,0x00,0x00,0x00,
    /* 7EA0 */ 0x00,0x00,0x00,0x00,0x00,0x00,0x00,0x00,0x00,0x00,0x00,0x00,0x00,0x00,0x00,0x00,
    /* 7EB0 */ 0x00,0x00,0x00,0x00,0x00,0x00,0x00,0x00,0x00,0x00,0x00,0x00,0x00,0x00,0x00,0x00,
    /* 7EC0 */ 0x00,0x00,0x00,0x00,0x00,0x00,0x00,0x00,0x00,0x00,0x00,0x00,0x00,0x00,0x00,0x00,
    /* 7ED0 */ 0x00,0x00,0x00,0x00,0x00,0x00,0x00,0x00,0x00,0x00,0x00,0x00,0x00,0x00,0x00,0x00,
    /* 7EE0 */ 0x00,0x00,0x00,0x00,0x00,0x00,0x00,0x00,0x00,0x00,0x00,0x00,0x00,0x00,0x00,0x00,
    /* 7EF0 */ 0x00,0x00,0x00,0x00,0x00,0x00,0x00,0x00,0x00,0x00,0x00,0x00,0x00,0x00,0x00,0x00,
    /* 7F00 */ 0x00,0x00,0x00,0x00,0x00,0x00,0x00,0x00,0x00,0x00,0x00,0x00,0x00,0x00,0x00,0x00,
    /* 7F10 */ 0x00,0x00,0x00,0x00,0x00,0x00,0x00,0x00,0x00,0x00,0x00,0x00,0x00,0x00,0x00,0x00,
    /* 7F20 */ 0x00,0x00,0x00,0x00,0x00,0x00,0x00,0x00,0x00,0x00,0x00,0x00,0x00,0x00,0x00,0x00,
    /* 7F30 */ 0x00,0x00,0x00,0x00,0x00,0x00,0x00,0x00,0x00,0x00,0x00,0x00,0x00,0x00,0x00,0x00,
    /* 7F40 */ 0x00,0x00,0x00,0x00,0x00,0x00,0x00,0x00,0x00,0x00,0x00,0x00,0x00,0x00,0x00,0x00,
    /* 7F50 */ 0x00,0x00,0x00,0x00,0x00,0x00,0x00,0x00,0x00,0x00,0x00,0x00,0x00,0x00,0x00,0x00,
    /* 7F60 */ 0x00,0x00,0x00,0x00,0x00,0x00,0x00,0x00,0x00,0x00,0x00,0x00,0x00,0x00,0x00,0x00,
    /* 7F70 */ 0x00,0x00,0x00,0x00,0x00,0x00,0x00,0x00,0x00,0x00,0x00,0x00,0x00,0x00,0x00,0x00,
    /* 7F80 */ 0x00,0x00,0x00,0x00,0x00,0x00,0x00,0x00,0x00,0x00,0x00,0x00,0x00,0x00,0x00,0x00,
    /* 7F90 */ 0x00,0x00,0x00,0x00,0x00,0x00,0x00,0x00,0x00,0x00,0x00,0x00,0x00,0x00,0x00,0x00,
    /* 7FA0 */ 0x00,0x00,0x00,0x00,0x00,0x00,0x00,0x00,0x00,0x00,0x00,0x00,0x00,0x00,0x00,0x00,
    /* 7FB0 */ 0x00,0x00,0x00,0x00,0x00,0x00,0x00,0x00,0x00,0x00,0x00,0x00,0x00,0x00,0x00,0x00,
    /* 7FC0 */ 0x00,0x00,0x00,0x00,0x00,0x00,0x00,0x00,0x00,0x00,0x00,0x00,0x00,0x00,0x00,0x00,
    /* 7FD0 */ 0x00,0x00,0x00,0x00,0x00,0x00,0x00,0x00,0x00,0x00,0x00,0x00,0x00,0x00,0x00,0x00,
    /* 7FE0 */ 0x00,0x00,0x00,0x00,0x00,0x00,0x00,0x00,0x00,0x00,0x00,0x00,0x00,0x00,0x00,0x00,
    /* 7FF0 */ 0x00,0x00,0x00,0x00,0x00,0x00,0x00,0x00,0x00,0x00,0x00,0x00,0x00,0x00,0x00,0x00,
    /* 8000 */ 0x00,0x00,0x00,0x00,0x00,0x00,0x00,0x00,0x00,0x00,0x00,0x00,0x00,0x00,0x00,0x00,
    /* 8010 */ 0x00,0x00,0x00,0x00,0x00,0x00,0x00,0x00,0x00,0x00,0x00,0x00,0x00,0x00,0x00,0x00,
    /* 8020 */ 0x00,0x00,0x00,0x00,0x00,0x00,0x00,0x00,0x00,0x00,0x00,0x00,0x0A,0x00,0x00,0x00,
    /* 8030 */ 0x19,0x1C,0x1C,0x1D,0x1C,0x0D,0x0E,0x0F,0x1D,0x14,0x17,0x1C,0x16,0x20,0x1C,0x78,
    /* 8040 */ 0xA2,0xFE,0x9A,0xA9,0x00,0x8D,0x80,0x0D,0xD8,0xAA,0x95,0x00,0x9D,0x00,0x01,0x9D,
    /* 8050 */ 0x00,0x02,0x9D,0x00,0x03,0x9D,0x00,0x20,0x9D,0x00,0x21,0x9D,0x00,0x22,0x9D,0x00,
    /* 8060 */ 0x23,0x9D,0x00,0x24,0x9D,0x00,0x25,0x9D,0x00,0x26,0x9D,0x00,0x27,0x9D,0x00,0x10,
    /* 8070 */ 0x9D,0x00,0x14,0x8D,0x00,0x0D,0xE8,0xD0,0xD1,0xA9,0xC0,0x8D,0x00,0x0C,0xA9,0x07,
    /* 8080 */ 0x8D,0x0F,0x10,0x8D,0x0F,0x14,0xAD,0x00,0x08,0x29,0x10,0xD0,0x03,0x4C,0x10,0x81,
    /* 8090 */ 0xA9,0x01,0x8D,0x00,0x20,0xA9,0xE4,0x8D,0x01,0x20,0xA9,0x20,0x8D,0x03,0x20,0x8D,
    /* 80A0 */ 0x03,0x24,0xAD,0x07,0x09,0x8D,0xE4,0x03,0x20,0xD4,0x80,0x58,0xA2,0x60,0x46,0x33,
    /* 80B0 */ 0x90,0xFC,0x8D,0x00,0x0D,0xCA,0x10,0xF6,0x20,0x77,0x87,0xAD,0x88,0x01,0x8D,0x00,
    /* 80C0 */ 0x0D,0xD0,0xF8,0xAD,0x87,0x01,0x4A,0xB0,0x05,0x48,0x20,0xB6,0x88,0x68,0x20,0xA3,
    /* 80D0 */ 0x89,0x4C,0xCA,0x68,0xA0,0x3C,0xA2,0x0E,0xBD,0x2D,0x80,0x99,0x18,0x01,0xA9,0x00,
    /* 80E0 */ 0x99,0xDC,0x00,0x88,0xCA,0xA9,0x05,0x99,0xDC,0x00,0xBD,0x2D,0x80,0x99,0x18,0x01,
    /* 80F0 */ 0x88,0xCA,0xBD,0x2D,0x80,0x99,0x18,0x01,0xA9,0x00,0x99,0xDC,0x00,0x88,0xCA,0x10,
    /* 8100 */ 0xD7,0x98,0xD0,0xD2,0xA2,0x0E,0xBD,0x2D,0x80,0x9D,0x55,0x01,0xCA,0x10,0xF7,0x60,
    /* 8110 */ 0xA2,0x11,0x9A,0x8A,0x86,0x00,0xA0,0x00,0xA2,0x01,0xC8,0xB9,0x00,0x00,0xD0,0x21,
    /* 8120 */ 0xE8,0xD0,0xF7,0xBA,0x8A,0x8D,0x00,0x0D,0xC8,0x59,0x00,0x00,0xD0,0x13,0x8A,0xA2,
    /* 8130 */ 0x00,0x96,0x00,0xC8,0xD0,0x05,0x0A,0xA2,0x00,0xB0,0x4B,0xAA,0x9A,0x96,0x00,0xD0,
    /* 8140 */ 0xD7,0xAA,0x8A,0xA0,0x82,0x29,0x0F,0xF0,0x02,0xA0,0x12,0x8A,0xA2,0x82,0x29,0xF0,
    /* 8150 */ 0xF0,0x02,0xA2,0x12,0x98,0x9A,0xAA,0x8E,0x00,0x10,0xA2,0xA8,0x8E,0x01,0x10,0xA0,
    /* 8160 */ 0x0C,0xA2,0x64,0x2C,0x00,0x08,0x30,0xFB,0x2C,0x00,0x08,0x10,0xFB,0x8D,0x00,0x0D,
    /* 8170 */ 0xCA,0xD0,0xF0,0xC0,0x05,0xD0,0x03,0x8E,0x01,0x10,0x88,0xD0,0xE4,0x4A,0xB0,0x03,
    /* 8180 */ 0xBA,0xD0,0xD4,0x4C,0x3D,0x82,0xA2,0xFF,0x9A,0xA2,0x00,0x8A,0x95,0x00,0xE8,0xD0,
    /* 8190 */ 0xFB,0xA8,0xA9,0x01,0x85,0x01,0xA2,0x11,0xB1,0x00,0xD0,0x27,0x8A,0x91,0x00,0x51,
    /* 81A0 */ 0x00,0xD0,0x20,0x8A,0x0A,0xAA,0x90,0xF5,0xC8,0xD0,0xEB,0x8D,0x00,0x0D,0xE6,0x01,
    /* 81B0 */ 0xA6,0x01,0xE0,0x04,0x90,0xE0,0xA9,0x20,0xE0,0x20,0x90,0xD8,0xE0,0x28,0x90,0xD6,
    /* 81C0 */ 0x4C,0x44,0x82,0xA6,0x01,0xE0,0x20,0x85,0x02,0x90,0x03,0x8A,0xE9,0x1C,0x4A,0x4A,
    /* 81D0 */ 0x29,0x07,0xA8,0xA5,0x02,0x84,0x00,0x85,0x01,0xA9,0x01,0x85,0x02,0xA2,0xA8,0xA0,
    /* 81E0 */ 0x82,0xA5,0x00,0xD0,0x08,0xA5,0x01,0x29,0x0F,0xF0,0x02,0xA0,0x12,0x8E,0x01,0x10,
    /* 81F0 */ 0x8C,0x00,0x10,0xA9,0x09,0xC0,0x12,0xF0,0x02,0xA9,0x01,0xA8,0xA2,0x00,0x2C,0x00,
    /* 8200 */ 0x08,0x30,0xFB,0x2C,0x00,0x08,0x10,0xFB,0x8D,0x00,0x0D,0xCA,0xD0,0xF0,0x88,0xD0,
    /* 8210 */ 0xED,0x8E,0x01,0x10,0xA0,0x09,0x2C,0x00,0x08,0x30,0xFB,0x2C,0x00,0x08,0x10,0xFB,
    /* 8220 */ 0x8D,0x00,0x0D,0xCA,0xD0,0xF0,0x88,0xD0,0xED,0xA5,0x00,0xD0,0x08,0xA5,0x01,0x4A,
    /* 8230 */ 0x4A,0x4A,0x4A,0x85,0x01,0xC6,0x02,0xF0,0xA4,0xC6,0x00,0x10,0x9C,0x8D,0x00,0x0D,
    /* 8240 */ 0xA9,0xFF,0x85,0x80,0xA9,0x00,0xAA,0x9D,0x00,0x01,0x9D,0x00,0x02,0x9D,0x00,0x03,
    /* 8250 */ 0xCA,0xD0,0xF4,0xA8,0x85,0x07,0xA9,0x30,0x85,0x08,0xA9,0x10,0x85,0x0A,0x8A,0x51,
    /* 8260 */ 0x07,0xC8,0xD0,0xFB,0xE6,0x08,0x8D,0x00,0x0D,0xC6,0x0A,0xD0,0xF2,0x95,0xF1,0xE8,
    /* 8270 */ 0xF0,0x18,0xA5,0x08,0xC9,0x40,0xD0,0x04,0xA9,0x40,0x85,0x08,0xC9,0x90,0x90,0xD8,
    /* 8280 */ 0xA2,0xFF,0xA9,0x28,0x85,0x08,0xA9,0x08,0xD0,0xD2,0xA5,0xF0,0x05,0xF1,0xF0,0x0A,
    /* 8290 */ 0xA9,0xF0,0xA2,0xA2,0x8D,0x04,0x10,0x8E,0x05,0x10,0xA2,0x05,0xAD,0x0A,0x10,0xCD,
    /* 82A0 */ 0x0A,0x10,0xD0,0x05,0xCA,0x10,0xF8,0x85,0x81,0xA2,0x05,0xAD,0x0A,0x14,0xCD,0x0A,
    /* 82B0 */ 0x14,0xD0,0x05,0xCA,0x10,0xF8,0x85,0x82,0x58,0x20,0x77,0x87,0xA0,0x02,0xAD,0x87,
    /* 82C0 */ 0x01,0xF0,0x0A,0x85,0x83,0x20,0x57,0x87,0xA0,0x00,0x8C,0x87,0x01,0x84,0xA0,0x4C,
    /* 82D0 */ 0x90,0x85,0xAD,0x88,0x01,0x0D,0x85,0x01,0xD0,0x0C,0x20,0x77,0x87,0xAD,0x87,0x01,
    /* 82E0 */ 0x85,0x83,0xA9,0x02,0x85,0xA0,0x60,0x2C,0x07,0x09,0x10,0x05,0xA9,0x00,0x8D,0x00,
    /* 82F0 */ 0x0C,0xA0,0xA7,0x20,0x97,0x8E,0xA9,0x61,0xA2,0xAF,0x20,0xA5,0x8E,0xA9,0xB0,0xA2,
    /* 8300 */ 0xF0,0x20,0xC1,0x8E,0xA9,0x00,0x20,0xB8,0x8E,0x20,0xC1,0x84,0xA9,0x01,0x20,0xBA,
    /* 8310 */ 0x8E,0xA2,0x46,0x86,0x0B,0xA2,0x06,0xB5,0xF0,0xF0,0x2A,0x86,0x0A,0x20,0xA1,0x8E,
    /* 8320 */ 0xA6,0x0B,0x8A,0x38,0xE9,0x08,0x85,0x0B,0xA9,0xF6,0x20,0xC1,0x8E,0xA5,0x0A,0x20,
    /* 8330 */ 0x55,0x8E,0xA9,0x06,0xA2,0x00,0x20,0xC1,0x8E,0xA5,0x0A,0x18,0x69,0xF0,0xA0,0x01,
    /* 8340 */ 0x20,0x1C,0x87,0xA6,0x0A,0xCA,0x10,0xCF,0x20,0xA1,0x8E,0xA9,0xF6,0xA2,0x50,0x20,
    /* 8350 */ 0xC1,0x8E,0xA2,0x03,0x86,0x0A,0xA6,0x0A,0xA0,0x00,0xB5,0x80,0xF0,0x03,0xBC,0x1B,
    /* 8360 */ 0x84,0xB9,0x4A,0x32,0xBE,0x4B,0x32,0x20,0xA5,0x8E,0xC6,0x0A,0x10,0xE8,0x20,0x3C,
    /* 8370 */ 0x85,0x60,0xA9,0x76,0xA2,0xAA,0x4C,0xA5,0x8E,0xA5,0xA1,0x29,0x3F,0xD0,0x02,0xE6,
    /* 8380 */ 0x0C,0xA5,0x0C,0x29,0x07,0xAA,0xBC,0xB8,0x83,0xA9,0x00,0x99,0xF1,0x13,0xBC,0xB9,
    /* 8390 */ 0x83,0xBD,0xC2,0x83,0x99,0xF0,0x13,0xA9,0xA8,0x99,0xF1,0x13,0xA9,0x79,0xA2,0xAA,
    /* 83A0 */ 0x20,0xA5,0x8E,0x20,0xA1,0x8E,0xA5,0x0C,0x29,0x07,0xD0,0x02,0xA9,0x01,0x20,0xB8,
    /* 83B0 */ 0x8E,0xA9,0x63,0xA2,0xA8,0x4C,0xA5,0x8E,0x16,0x00,0x10,0x02,0x12,0x04,0x14,0x06,
    /* 83C0 */ 0x16,0x00,0x10,0x10,0x40,0x40,0x90,0x90,0xFF,0xFF,0xA9,0x01,0x20,0xB8,0x8E,0xA0,
    /* 83D0 */ 0x06,0x84,0x0C,0x20,0xA1,0x8E,0xA4,0x0C,0xB9,0x0D,0x84,0xBE,0x14,0x84,0x20,0xC1,
    /* 83E0 */ 0x8E,0xA5,0x0C,0x49,0xFF,0x29,0x07,0xA8,0x20,0x97,0x8E,0xA5,0x0C,0xD0,0x07,0xA9,
    /* 83F0 */ 0x57,0xA2,0xAA,0x4C,0xFA,0x83,0xA9,0x54,0xA2,0xAA,0x20,0xA5,0x8E,0xC6,0x0C,0x10,
    /* 8400 */ 0xD2,0xA9,0x66,0xA2,0xAA,0x20,0xA5,0x8E,0x60,0x01,0x04,0x05,0x06,0xDE,0x9D,0x1F,
    /* 8410 */ 0x9D,0xDE,0x1F,0xDE,0xF4,0xD8,0xD8,0x10,0xD8,0x10,0x10,0x38,0x34,0x36,0x1E,0x20,
    /* 8420 */ 0xA1,0x8E,0xA9,0x01,0x20,0xB8,0x8E,0xA2,0x07,0x86,0x0A,0x20,0xA1,0x8E,0xA4,0x0A,
    /* 8430 */ 0xA9,0x80,0xBE,0x6F,0x84,0x20,0xC1,0x8E,0xA9,0x72,0xA2,0xAA,0x20,0xA5,0x8E,0xC6,
    /* 8440 */ 0x0A,0x10,0xEB,0xA2,0x0B,0x86,0x0A,0xA4,0x0A,0xB9,0x77,0x84,0xA2,0x60,0x20,0xC1,
    /* 8450 */ 0x8E,0xA9,0x6E,0xA2,0xAA,0x20,0xA5,0x8E,0xC6,0x0A,0x10,0xEB,0xAD,0x06,0x09,0x10,
    /* 8460 */ 0x09,0x06,0x1C,0x90,0x02,0xE6,0x17,0x4C,0x6E,0x84,0xA9,0x20,0x85,0x1C,0x60,0xB6,
    /* 8470 */ 0xCB,0xE0,0xF6,0x0A,0x20,0x35,0x4A,0x94,0xA8,0xBB,0xCF,0xE3,0xF6,0x0A,0x1D,0x31,
    /* 8480 */ 0x45,0x58,0x6C,0x20,0xA1,0x8E,0xA9,0xFB,0xA2,0x4D,0x20,0xC1,0x8E,0xA9,0x01,0x20,
    /* 8490 */ 0x55,0x8E,0x8D,0x0B,0x14,0xAD,0x08,0x14,0x85,0x24,0x29,0x10,0x4A,0x4A,0x4A,0x4A,
    /* 84A0 */ 0x69,0x01,0x20,0x55,0x8E,0x8D,0x0B,0x14,0xAD,0x08,0x14,0x29,0x0C,0x4A,0x4A,0xAA,
    /* 84B0 */ 0xBD,0x09,0x84,0x20,0x55,0x8E,0xA9,0xC6,0xA2,0xEE,0x20,0xC1,0x8E,0xA9,0xFF,0x85,
    /* 84C0 */ 0x0C,0xA2,0x0F,0x86,0x0A,0x8D,0x0B,0x10,0xAD,0x08,0x10,0x85,0x0B,0x8D,0x0B,0x14,
    /* 84D0 */ 0xAD,0x08,0x14,0x48,0x29,0x01,0x20,0x55,0x8E,0x46,0x0B,0x68,0x6A,0xC6,0x0A,0x10,
    /* 84E0 */ 0xF2,0xA0,0x9F,0x24,0x0C,0x10,0x02,0xA0,0x9E,0x98,0xA2,0xF8,0x20,0xC1,0x8E,0xA2,
    /* 84F0 */ 0x07,0x86,0x0A,0xA6,0x0A,0xBD,0x00,0x09,0x2A,0x2A,0x08,0x29,0x01,0x20,0x55,0x8E,
    /* 8500 */ 0x28,0x2A,0x29,0x01,0x20,0x55,0x8E,0xC6,0x0A,0x10,0xE8,0xA0,0x9F,0x24,0x0C,0x10,
    /* 8510 */ 0x02,0xA0,0x9E,0x98,0xA2,0xF8,0x20,0xC1,0x8E,0xA2,0x05,0x86,0x0A,0xAD,0x00,0x08,
    /* 8520 */ 0x29,0x3F,0x48,0x29,0x01,0x20,0x55,0x8E,0x68,0x6A,0xC6,0x0A,0x10,0xF4,0xA2,0x09,
    /* 8530 */ 0x86,0x0A,0xA9,0x22,0x20,0x5A,0x8E,0xC6,0x0A,0x10,0xF7,0x60,0xA2,0x03,0xA0,0x00,
    /* 8540 */ 0x84,0x1C,0xBD,0x00,0x09,0x0A,0x26,0x1C,0x0A,0x26,0x1C,0xCA,0x10,0xF4,0xA5,0x1C,
    /* 8550 */ 0xF0,0x07,0x69,0x40,0x8D,0x00,0x10,0xA0,0xA4,0x8C,0x01,0x10,0xA0,0x00,0x84,0x1C,
    /* 8560 */ 0xAD,0x04,0x09,0x0A,0x26,0x1C,0x0A,0x26,0x1C,0x0E,0x05,0x09,0x26,0x1C,0x0E,0x06,
    /* 8570 */ 0x09,0x26,0x1C,0xAD,0x00,0x08,0x49,0xFF,0x4A,0x26,0x1C,0x4A,0x26,0x1C,0x4A,0x26,
    /* 8580 */ 0x1C,0xA5,0x1C,0xF0,0x07,0x69,0x40,0x8D,0x02,0x10,0xA0,0xA4,0x8C,0x03,0x10,0x60,
    /* 8590 */ 0xA2,0x18,0x2C,0x00,0x08,0x10,0xFB,0x2C,0x00,0x08,0x30,0xFB,0xCA,0x10,0xF3,0xE6,
    /* 85A0 */ 0xA1,0x2C,0x00,0x08,0x50,0xFB,0xA9,0x00,0x85,0x01,0xA9,0x20,0x85,0x02,0xAD,0x00,
    /* 85B0 */ 0x08,0x49,0xFF,0x29,0x28,0xF0,0x24,0x06,0x18,0x90,0x1D,0xAD,0x06,0x09,0x10,0x06,
    /* 85C0 */ 0x20,0xA8,0x73,0x4C,0x33,0x8D,0xE6,0xA0,0xE6,0xA0,0xA9,0x00,0xA2,0x06,0x9D,0x01,
    /* 85D0 */ 0x10,0x9D,0x01,0x14,0xCA,0xCA,0x10,0xF6,0x4C,0xDF,0x85,0xA9,0x20,0x85,0x18,0xA5,
    /* 85E0 */ 0xA0,0xC9,0x0A,0xD0,0x0E,0xA5,0x17,0x29,0x07,0xD0,0x02,0xA9,0x01,0x09,0xC0,0xA8,
    /* 85F0 */ 0x4C,0xF5,0x85,0xA0,0xA7,0x20,0x97,0x8E,0xA9,0x62,0xA2,0xA8,0x20,0xA5,0x8E,0x20,
    /* 8600 */ 0x26,0x86,0x20,0xA1,0x8E,0x20,0x46,0x8E,0x8D,0x80,0x0C,0x8D,0x00,0x0D,0xAD,0x00,
    /* 8610 */ 0x08,0x29,0x10,0xD0,0x03,0x4C,0x90,0x85,0xD0,0xFE,0xD1,0x82,0xE6,0x82,0x71,0x83,
    /* 8620 */ 0x78,0x83,0xC9,0x83,0x1E,0x84,0xA6,0xA0,0xE0,0x0C,0x90,0x04,0xA2,0x02,0x86,0xA0,
    /* 8630 */ 0xBD,0x1B,0x86,0x48,0xBD,0x1A,0x86,0x48,0x60,0x48,0x98,0x48,0x8A,0x48,0xD8,0x8D,
    /* 8640 */ 0x00,0x0E,0xC6,0x32,0xA5,0x32,0x29,0x0F,0xD0,0x05,0x20,0x81,0x87,0xA5,0x32,0x29,
    /* 8650 */ 0x03,0xD0,0x02,0xE6,0x33,0xA5,0x30,0x30,0x0A,0xAD,0x00,0x08,0x29,0x10,0xF0,0x03,
    /* 8660 */ 0x20,0x1A,0x74,0xA5,0x32,0xD0,0x5C,0xEE,0xE5,0x03,0xAD,0xE5,0x03,0x29,0x03,0xD0,
    /* 8670 */ 0x52,0x18,0xF8,0xA5,0x35,0x30,0x21,0xAD,0x8E,0x01,0x69,0x01,0x8D,0x8E,0x01,0xAD,
    /* 8680 */ 0x8F,0x01,0x69,0x00,0x8D,0x8F,0x01,0xAD,0x90,0x01,0x69,0x00,0x8D,0x90,0x01,0xAD,
    /* 8690 */ 0x91,0x01,0x69,0x00,0x8D,0x91,0x01,0x18,0xAD,0xB0,0x03,0x69,0x01,0x8D,0xB0,0x03,
    /* 86A0 */ 0x10,0x08,0xA9,0x80,0x8D,0x9D,0x03,0x8D,0x9E,0x03,0xAD,0xB1,0x03,0x69,0x00,0x8D,
    /* 86B0 */ 0xB1,0x03,0xAD,0xB2,0x03,0x69,0x00,0x8D,0xB2,0x03,0xAD,0xB3,0x03,0x69,0x00,0x8D,
    /* 86C0 */ 0xB3,0x03,0xD8,0xA2,0x01,0xBD,0x88,0x03,0xF0,0x06,0xA5,0x32,0x29,0x02,0xD0,0x29,
    /* 86D0 */ 0x24,0x35,0x30,0x08,0xA5,0x44,0x29,0x80,0xD0,0x07,0xF0,0x08,0xBD,0x02,0x09,0x10,
    /* 86E0 */ 0x03,0xFE,0xD0,0x03,0x24,0x35,0x30,0x08,0xA5,0x44,0x29,0x20,0xD0,0x08,0xF0,0x09,
    /* 86F0 */ 0xBD,0x02,0x09,0x0A,0x10,0x03,0xDE,0xD0,0x03,0xCA,0x10,0xC9,0xAD,0x00,0x08,0x29,
    /* 8700 */ 0x10,0xF0,0x03,0x20,0x1D,0x73,0xAD,0xD0,0x03,0x8D,0xA3,0x02,0x24,0x51,0x30,0x03,
    /* 8710 */ 0xAD,0xD1,0x03,0x8D,0xA4,0x02,0x68,0xAA,0x68,0xA8,0x68,0x40,0x08,0x88,0x84,0x11,
    /* 8720 */ 0x18,0x65,0x11,0x85,0x10,0x28,0xAA,0x08,0xB5,0x00,0x4A,0x4A,0x4A,0x4A,0x28,0x20,
    /* 8730 */ 0x4F,0x8E,0xA5,0x11,0xD0,0x01,0x18,0xA6,0x10,0xB5,0x00,0x20,0x4F,0x8E,0xC6,0x10,
    /* 8740 */ 0xA6,0x10,0xC6,0x11,0x10,0xE1,0x60,0x02,0x1D,0x1E,0x3E,0x64,0x01,0x92,0x01,0xA9,
    /* 8750 */ 0x02,0xD0,0x06,0xA9,0x01,0xD0,0x02,0xA9,0x03,0xA0,0xFF,0xD0,0x08,0xA9,0x01,0xD0,
    /* 8760 */ 0x02,0xA9,0x02,0xA0,0x00,0x8C,0x84,0x01,0x48,0x0D,0x85,0x01,0x8D,0x85,0x01,0x68,
    /* 8770 */ 0x0D,0x86,0x01,0x8D,0x86,0x01,0x60,0xA9,0x03,0x8D,0x85,0x01,0xA9,0x00,0x8D,0x86,
    /* 8780 */ 0x01,0xAD,0x88,0x01,0xD0,0x4B,0xAD,0x85,0x01,0xF0,0x46,0xA2,0x00,0x8E,0x89,0x01,
    /* 8790 */ 0x8E,0x8D,0x01,0x8E,0x8C,0x01,0xA2,0x08,0x38,0x6E,0x8C,0x01,0x0A,0xCA,0x90,0xF9,
    /* 87A0 */ 0xA0,0x80,0xAD,0x8C,0x01,0x2D,0x86,0x01,0xD0,0x02,0xA0,0x20,0x8C,0x88,0x01,0xAD,
    /* 87B0 */ 0x8C,0x01,0x4D,0x85,0x01,0x8D,0x85,0x01,0x8A,0x0A,0xAA,0xBD,0x47,0x87,0x8D,0x8A,
    /* 87C0 */ 0x01,0xBD,0x48,0x87,0x8D,0x8B,0x01,0xBD,0x4B,0x87,0x85,0xC7,0xBD,0x4C,0x87,0x85,
    /* 87D0 */ 0xC8,0xA0,0x00,0x8C,0x80,0x0E,0xAD,0x88,0x01,0xD0,0x01,0x60,0xAC,0x89,0x01,0xAE,
    /* 87E0 */ 0x8A,0x01,0x0A,0x90,0x0D,0x9D,0x00,0x0F,0xA9,0x40,0x8D,0x88,0x01,0xA0,0x0E,0x4C,
    /* 87F0 */ 0x65,0x88,0x10,0x25,0xA9,0x80,0x8D,0x88,0x01,0xAD,0x84,0x01,0xF0,0x04,0xA9,0x00,
    /* 8800 */ 0x91,0xC7,0xB1,0xC7,0xEC,0x8B,0x01,0x90,0x08,0xA9,0x00,0x8D,0x88,0x01,0xAD,0x8D,
    /* 8810 */ 0x01,0x9D,0x00,0x0F,0xA0,0x0C,0x4C,0x58,0x88,0xA9,0x08,0x8D,0x80,0x0E,0x9D,0x00,
    /* 8820 */ 0x0F,0xA9,0x09,0x8D,0x80,0x0E,0xEA,0xA9,0x08,0x8D,0x80,0x0E,0xEC,0x8B,0x01,0xAD,
    /* 8830 */ 0x00,0x0A,0x90,0x20,0x4D,0x8D,0x01,0xF0,0x13,0xA9,0x00,0xAC,0x89,0x01,0x91,0xC7,
    /* 8840 */ 0x88,0x10,0xFB,0xAD,0x8C,0x01,0x0D,0x87,0x01,0x8D,0x87,0x01,0xA9,0x00,0x8D,0x88,
    /* 8850 */ 0x01,0x4C,0x56,0x88,0x91,0xC7,0xA0,0x00,0x18,0x6D,0x8D,0x01,0x8D,0x8D,0x01,0xEE,
    /* 8860 */ 0x89,0x01,0xEE,0x8A,0x01,0x8C,0x80,0x0E,0x98,0xD0,0x03,0x4C,0x81,0x87,0x60,0xA2,
    /* 8870 */ 0x02,0xA0,0x00,0xBD,0xDD,0x00,0x99,0x64,0x01,0xC8,0xBD,0xEC,0x00,0x99,0x64,0x01,
    /* 8880 */ 0xC8,0xBD,0xFB,0x00,0x99,0x64,0x01,0xC8,0xBD,0x0A,0x01,0x99,0x64,0x01,0xC8,0xBD,
    /* 8890 */ 0x19,0x01,0x99,0x64,0x01,0xC8,0xBD,0x28,0x01,0x99,0x64,0x01,0xC8,0xBD,0x37,0x01,
    /* 88A0 */ 0x99,0x64,0x01,0xC8,0xBD,0x55,0x01,0x99,0x64,0x01,0xC8,0xBD,0x46,0x01,0x99,0x64,
    /* 88B0 */ 0x01,0xC8,0xCA,0x10,0xBE,0x60,0xA2,0x02,0xA0,0x00,0x20,0x11,0x89,0x9D,0xDD,0x00,
    /* 88C0 */ 0xC8,0x20,0x11,0x89,0x9D,0xEC,0x00,0xC8,0x20,0x11,0x89,0x9D,0xFB,0x00,0xC8,0x20,
    /* 88D0 */ 0x11,0x89,0x9D,0x0A,0x01,0x20,0x29,0x89,0x9D,0x19,0x01,0x20,0x29,0x89,0x9D,0x28,
    /* 88E0 */ 0x01,0x20,0x29,0x89,0x9D,0x37,0x01,0x20,0x29,0x89,0x9D,0x55,0x01,0x20,0x29,0x89,
    /* 88F0 */ 0x9D,0x46,0x01,0xC8,0xCA,0x10,0xC3,0xAD,0xDD,0x00,0x0D,0xDE,0x00,0x0D,0xDF,0x00,
    /* 8900 */ 0xD0,0x0E,0xA9,0x05,0x8D,0xDE,0x00,0x8D,0xED,0x00,0x8D,0xFC,0x00,0x8D,0x0B,0x01,
    /* 8910 */ 0x60,0xB9,0x64,0x01,0x48,0xC9,0x9A,0xB0,0x08,0x29,0x0F,0xC9,0x0A,0xB0,0x02,0x68,
    /* 8920 */ 0x60,0x68,0xBD,0x26,0x89,0x60,0x00,0x05,0x00,0xC8,0xB9,0x64,0x01,0xF0,0x0B,0xC9,
    /* 8930 */ 0x0A,0x90,0x04,0xC9,0x25,0x90,0x03,0xBD,0x3B,0x89,0x60,0x0C,0x0B,0x0E,0xF8,0xA0,
    /* 8940 */ 0x00,0xAD,0x34,0x00,0x0A,0x0A,0xAA,0x18,0x20,0x97,0x89,0x20,0x97,0x89,0x20,0x97,
    /* 8950 */ 0x89,0x20,0x97,0x89,0xA2,0x00,0xA0,0x03,0x18,0xBD,0xB0,0x03,0x7D,0x8E,0x01,0x9D,
    /* 8960 */ 0x8E,0x01,0xE8,0x88,0x10,0xF3,0xAD,0x34,0x00,0x0A,0x18,0x6D,0x34,0x00,0xAA,0x18,
    /* 8970 */ 0xBD,0xA6,0x01,0x69,0x01,0x9D,0xA6,0x01,0xBD,0xA7,0x01,0x69,0x00,0x9D,0xA7,0x01,
    /* 8980 */ 0xBD,0xA8,0x01,0x69,0x00,0x9D,0xA8,0x01,0xD8,0xA2,0x03,0xBD,0x8E,0x01,0x9D,0x92,
    /* 8990 */ 0x01,0xCA,0x10,0xF7,0x4C,0x61,0x87,0xBD,0x96,0x01,0x79,0xB0,0x03,0x9D,0x96,0x01,
    /* 89A0 */ 0xE8,0xC8,0x60,0x78,0xA2,0x03,0xBD,0x92,0x01,0x9D,0x8E,0x01,0xCA,0x10,0xF7,0x58,
    /* 89B0 */ 0x60,0x00,0x03,0x06,0x09,0x00,0x04,0x08,0x0C,0xA0,0x03,0x84,0x1E,0xF8,0xA4,0x1E,
    /* 89C0 */ 0xBE,0xB1,0x89,0xA0,0x00,0xBD,0xA6,0x01,0x99,0x10,0x00,0xE8,0xC8,0xC0,0x03,0xD0,
    /* 89D0 */ 0xF4,0xA4,0x1E,0xBE,0xB5,0x89,0xA0,0x00,0x84,0x1C,0xBD,0x96,0x01,0x99,0x07,0x00,
    /* 89E0 */ 0x05,0x1C,0x85,0x1C,0xE8,0xC8,0xC0,0x04,0xD0,0xF0,0xA0,0x01,0xA5,0x1C,0xF0,0x1F,
    /* 89F0 */ 0x88,0xC8,0xF0,0x1B,0xA5,0x07,0x38,0xE5,0x10,0x85,0x07,0xA5,0x08,0xE5,0x11,0x85,
    /* 8A00 */ 0x08,0xA5,0x09,0xE5,0x12,0x85,0x09,0xA5,0x0A,0xE9,0x00,0x85,0x0A,0x10,0xE2,0xD8,
    /* 8A10 */ 0x88,0x98,0xA4,0x1E,0x99,0x97,0x00,0x88,0x84,0x1E,0x10,0xA1,0x60,0x8D,0x80,0x0D,
    /* 8A20 */ 0x20,0xA8,0x73,0x20,0xB9,0x89,0xA9,0x00,0x85,0x35,0x85,0xD1,0x85,0x30,0xA2,0x20,
    /* 8A30 */ 0xA9,0x00,0x85,0x01,0x86,0x02,0xA9,0x94,0xA2,0xAA,0x20,0xA5,0x8E,0xA0,0x08,0x20,
    /* 8A40 */ 0xD4,0x8C,0xA0,0x09,0x20,0xD4,0x8C,0xA0,0x0A,0x20,0xD4,0x8C,0xA0,0x0B,0x20,0xD4,
    /* 8A50 */ 0x8C,0xA0,0x0C,0x20,0xD4,0x8C,0xA9,0x02,0x85,0x15,0x20,0xA1,0x8E,0xA4,0x15,0xA9,
    /* 8A60 */ 0x98,0xBE,0x40,0x8C,0x20,0xC1,0x8E,0xA9,0x10,0x20,0x5A,0x8E,0x20,0xA1,0x8E,0xA4,
    /* 8A70 */ 0x15,0xA9,0x98,0xBE,0x43,0x8C,0x20,0xC1,0x8E,0xA9,0x1D,0x20,0x5A,0x8E,0xC6,0x15,
    /* 8A80 */ 0x10,0xD8,0xA9,0x54,0xA2,0xE2,0x20,0xA5,0x8E,0x20,0x46,0x8E,0x2C,0x00,0x08,0x50,
    /* 8A90 */ 0xFB,0xAD,0xA7,0x20,0x49,0x02,0x8D,0xA7,0x20,0x8D,0x00,0x0D,0xA2,0x20,0x29,0x02,
    /* 8AA0 */ 0xD0,0x02,0xA2,0x24,0xA9,0xA8,0x85,0x01,0x86,0x02,0x8D,0x80,0x0C,0x20,0x43,0x8F,
    /* 8AB0 */ 0x69,0x0D,0xA8,0x20,0xD4,0x8C,0x2C,0x07,0x09,0x10,0x1B,0x20,0xA1,0x8E,0xA9,0x98,
    /* 8AC0 */ 0xA2,0x00,0x20,0xC1,0x8E,0xA9,0x0D,0x20,0x5A,0x8E,0xA9,0x00,0x2C,0x04,0x09,0x50,
    /* 8AD0 */ 0x02,0xA9,0xC0,0x8D,0x00,0x0C,0x20,0xA1,0x8E,0xA9,0x96,0xA2,0x0E,0x20,0xC1,0x8E,
    /* 8AE0 */ 0xA9,0x02,0x20,0xBA,0x8E,0x20,0xDB,0x76,0xA5,0xD1,0x48,0xA9,0x00,0x85,0xD1,0xA5,
    /* 8AF0 */ 0x47,0x85,0x07,0xAD,0xAC,0x30,0xAE,0xAF,0x30,0x20,0xA5,0x8E,0xC6,0x07,0xD0,0xF3,
    /* 8B00 */ 0xA9,0x01,0x20,0xBA,0x8E,0x20,0xA1,0x8E,0xA9,0xA0,0xA2,0x00,0x20,0xC1,0x8E,0x68,
    /* 8B10 */ 0xAA,0xBD,0x5E,0x8C,0x20,0x5A,0x8E,0x2C,0x06,0x09,0x50,0x0F,0x20,0xA1,0x8E,0xA9,
    /* 8B20 */ 0x0D,0xA2,0x4D,0x20,0xC1,0x8E,0xA9,0x03,0x20,0x5A,0x8E,0xA0,0x07,0x20,0xD4,0x8C,
    /* 8B30 */ 0xA2,0x03,0xBD,0x8E,0x01,0x95,0x15,0xCA,0x10,0xF8,0x20,0x98,0x8C,0xA0,0x04,0x20,
    /* 8B40 */ 0x80,0x8C,0xA9,0x03,0x85,0x1E,0xA6,0x1E,0xBC,0xB5,0x89,0xA2,0x00,0xB9,0x96,0x01,
    /* 8B50 */ 0x95,0x15,0xE8,0xC8,0xE0,0x04,0xD0,0xF5,0x20,0xA1,0x8E,0xA4,0x1E,0xB9,0x46,0x8C,
    /* 8B60 */ 0xBE,0x4A,0x8C,0x20,0xC1,0x8E,0x20,0x98,0x8C,0xA0,0x04,0x20,0x80,0x8C,0x20,0xA1,
    /* 8B70 */ 0x8E,0xA4,0x1E,0xB9,0x4E,0x8C,0xBE,0x52,0x8C,0x20,0xC1,0x8E,0xA6,0x1E,0xBC,0xB1,
    /* 8B80 */ 0x89,0xA2,0x00,0xB9,0xA6,0x01,0x95,0x15,0xE8,0xC8,0xE0,0x03,0xD0,0xF5,0xA0,0x03,
    /* 8B90 */ 0x20,0x80,0x8C,0x20,0xA1,0x8E,0xA4,0x1E,0xB9,0x56,0x8C,0xBE,0x5A,0x8C,0x20,0xC1,
    /* 8BA0 */ 0x8E,0xA4,0x1E,0xB9,0x97,0x00,0x20,0x62,0x8C,0x20,0x98,0x8C,0xA0,0x02,0x20,0x80,
    /* 8BB0 */ 0x8C,0xC6,0x1E,0x30,0x03,0x4C,0x46,0x8B,0xA0,0x00,0x20,0xD4,0x8C,0xA5,0x1A,0x29,
    /* 8BC0 */ 0x03,0xA8,0xC8,0x20,0xD4,0x8C,0xAD,0x04,0x09,0x0A,0x2D,0x06,0x09,0x10,0x03,0x20,
    /* 8BD0 */ 0xA6,0x8C,0xAD,0x06,0x09,0x10,0x04,0x85,0x1B,0x30,0x0A,0x05,0x1B,0x10,0x06,0xA9,
    /* 8BE0 */ 0x00,0x85,0x1B,0xE6,0x1A,0xAD,0x88,0x01,0xF0,0x0A,0xAD,0x84,0x01,0xF0,0x05,0xA0,
    /* 8BF0 */ 0x05,0x20,0xD4,0x8C,0xA0,0x06,0x20,0xD4,0x8C,0xA5,0x24,0x2A,0x2A,0x2A,0x2A,0x29,
    /* 8C00 */ 0x07,0xAA,0xBD,0x38,0x8C,0x85,0x15,0x18,0xA0,0x01,0x20,0x80,0x8C,0x20,0xA1,0x8E,
    /* 8C10 */ 0xA9,0xD7,0xA2,0x38,0x20,0xC5,0x8E,0x20,0x83,0x84,0x20,0x46,0x8E,0xAD,0x00,0x08,
    /* 8C20 */ 0x29,0x10,0xF0,0x0E,0xA9,0x00,0x85,0x44,0x85,0x45,0x8D,0x64,0x02,0x85,0xDC,0x4C,
    /* 8C30 */ 0xCA,0x68,0x20,0x3C,0x85,0x4C,0x8C,0x8A,0x00,0x12,0x14,0x24,0x15,0x00,0x00,0x00,
    /* 8C40 */ 0xE8,0xC8,0xA8,0xE0,0xC0,0xA0,0xF8,0x40,0xF8,0x40,0xE8,0xE8,0xE0,0xE0,0x04,0x4C,
    /* 8C50 */ 0x04,0x4C,0xC8,0xC8,0xC0,0xC0,0x10,0x58,0x10,0x58,0xA8,0xA8,0xA0,0xA0,0x0F,0x11,
    /* 8C60 */ 0x10,0x1D,0x85,0x18,0xA0,0x07,0xA9,0x00,0x85,0x15,0x85,0x16,0xF8,0x06,0x18,0xA5,
    /* 8C70 */ 0x15,0x65,0x15,0x85,0x15,0xA5,0x16,0x65,0x16,0x85,0x16,0x88,0x10,0xEF,0xD8,0x60,
    /* 8C80 */ 0x38,0xA9,0x15,0x4C,0x1C,0x87,0x18,0xF8,0xA2,0x00,0xA0,0x02,0xB5,0x15,0x75,0x15,
    /* 8C90 */ 0x95,0x15,0xE8,0x88,0x10,0xF6,0xD8,0x60,0x20,0x86,0x8C,0x4C,0x86,0x8C,0x3E,0x80,
    /* 8CA0 */ 0xCD,0x8C,0xB4,0x8C,0xC4,0x8C,0xA5,0x1A,0x29,0x03,0x0A,0xAA,0xBD,0x9F,0x8C,0x48,
    /* 8CB0 */ 0xBD,0x9E,0x8C,0x48,0x60,0x20,0x4F,0x87,0xA9,0x00,0xA2,0x29,0x9D,0x8E,0x01,0x95,
    /* 8CC0 */ 0x97,0xCA,0x10,0xF8,0x60,0x20,0x57,0x87,0x20,0xB8,0x8C,0x4C,0xD4,0x80,0x20,0x53,
    /* 8CD0 */ 0x87,0x4C,0xD4,0x80,0x84,0x13,0x20,0xA1,0x8E,0xA4,0x13,0xB9,0xEF,0x8C,0xBE,0x00,
    /* 8CE0 */ 0x8D,0x20,0xC1,0x8E,0xA6,0x13,0xBD,0x11,0x8D,0xBC,0x22,0x8D,0x4C,0x73,0x77,0xCE,
    /* 8CF0 */ 0xEC,0xE4,0xE8,0xC4,0xF0,0xDC,0xC0,0x40,0xFC,0x8C,0x8C,0x8C,0xF8,0xF8,0xF8,0xF8,
    /* 8D00 */ 0x14,0x0C,0x0C,0x0C,0x0C,0x1C,0x44,0x24,0x00,0x00,0xF0,0xD0,0xB0,0x56,0x56,0x56,
    /* 8D10 */ 0x56,0xE1,0xE1,0xE1,0xE1,0xE1,0xE4,0xE3,0xE6,0xE7,0xE7,0xE7,0xE7,0xE7,0xE7,0xE7,
    /* 8D20 */ 0xE7,0xE7,0x22,0x1D,0x1E,0x1F,0x20,0x21,0x23,0x24,0x0B,0x0C,0x1A,0x1B,0x1C,0x19,
    /* 8D30 */ 0x10,0x11,0x25,0x78,0xD8,0xA9,0xFF,0x85,0x02,0xD0,0x11,0xA5,0x00,0xF0,0x0D,0xAD,
    /* 8D40 */ 0x00,0x08,0x29,0x40,0xF0,0x06,0x8D,0x80,0x0D,0x8D,0x80,0x0C,0x8D,0x00,0x0D,0xAD,
    /* 8D50 */ 0x00,0x08,0x29,0x10,0xF0,0x01,0x00,0xA9,0x00,0x85,0x00,0xAD,0x07,0x09,0x2A,0x2A,
    /* 8D60 */ 0x26,0x00,0xAD,0x06,0x09,0x2A,0x2A,0x26,0x00,0xAD,0x05,0x09,0x2A,0x2A,0x26,0x00,
    /* 8D70 */ 0xA5,0x00,0xC5,0x02,0xF0,0xC5,0x85,0x02,0xAA,0xF0,0x21,0xA9,0xC7,0x8D,0x00,0x20,
    /* 8D80 */ 0xA9,0x60,0x8D,0x01,0x20,0xBC,0xC0,0x8D,0xBD,0xC8,0x8D,0xAA,0xB9,0xD0,0x8D,0x9D,
    /* 8D90 */ 0x02,0x20,0x88,0xCA,0x10,0xF6,0x8D,0x80,0x0D,0x4C,0x3B,0x8D,0xA9,0x20,0x85,0x04,
    /* 8DA0 */ 0xA9,0x00,0x85,0x03,0x85,0x01,0xA8,0xA9,0x08,0x85,0x00,0x18,0xA5,0x01,0x91,0x03,
    /* 8DB0 */ 0x69,0x05,0x85,0x01,0xC8,0xD0,0xF4,0xE6,0x04,0xC6,0x00,0xD0,0xEE,0x4C,0x96,0x8D,
    /* 8DC0 */ 0x01,0x01,0x15,0x2B,0x45,0x71,0x01,0x01,0x01,0x01,0x13,0x15,0x19,0x2B,0x01,0x01,
    /* 8DD0 */ 0x00,0x20,0x40,0x80,0x00,0x71,0x80,0x01,0x00,0x22,0x40,0x80,0x00,0x60,0x80,0x1E,
    /* 8DE0 */ 0x00,0x3E,0x40,0x80,0x00,0x20,0x40,0x80,0x00,0x71,0x80,0x01,0x00,0x22,0x07,0xE0,
    /* 8DF0 */ 0x00,0x20,0x40,0x80,0x80,0x1E,0x00,0x3E,0x40,0x80,0x00,0x20,0x40,0x80,0x00,0x71,
    /* 8E00 */ 0x80,0x01,0x00,0x22,0x07,0xE0,0x00,0x20,0x40,0x80,0x80,0x1E,0x00,0x3E,0x40,0x80,
    /* 8E10 */ 0x2F,0x51,0x40,0x80,0x00,0x20,0x40,0x80,0x00,0x71,0x80,0x01,0x00,0x22,0x07,0xE0,
    /* 8E20 */ 0x00,0x20,0x40,0x80,0x80,0x1E,0x00,0x3E,0x40,0x80,0x2F,0x51,0x40,0x80,0x11,0xA0,
    /* 8E30 */ 0x20,0x51,0x40,0x80,0x00,0x20,0x13,0xA0,0x00,0xC0,0x15,0xA0,0x00,0xC0,0x2F,0x40,
    /* 8E40 */ 0x00,0xC0,0xA9,0xC0,0xD0,0x02,0xA9,0x20,0xA0,0x00,0x91,0x01,0x4C,0x10,0x8F,0x90,
    /* 8E50 */ 0x04,0x29,0x0F,0xF0,0x05,0x29,0x0F,0x18,0x69,0x01,0x08,0x0A,0xA0,0x00,0xAA,0xAD,
    /* 8E60 */ 0xE4,0x03,0x0A,0xBD,0x4A,0x32,0x90,0x03,0xBD,0x58,0x34,0x91,0x01,0xBD,0x4B,0x32,
    /* 8E70 */ 0x90,0x03,0xBD,0x59,0x34,0xC8,0x91,0x01,0x20,0xAD,0x8E,0x28,0x60,0x4A,0x29,0x0F,
    /* 8E80 */ 0x09,0xE0,0xA0,0x01,0x91,0x01,0x88,0x8A,0x6A,0x91,0x01,0xC8,0xD0,0x1F,0x4A,0x29,
    /* 8E90 */ 0x0F,0x09,0xA0,0xD0,0xED,0xA4,0x00,0xA2,0x64,0x98,0x4C,0xA5,0x8E,0xA2,0x60,0xD0,
    /* 8EA0 */ 0xF8,0xA9,0x40,0xA2,0x80,0xA0,0x00,0x91,0x01,0xC8,0x8A,0x91,0x01,0x98,0x38,0x65,
    /* 8EB0 */ 0x01,0x85,0x01,0x90,0x02,0xE6,0x02,0x60,0xA0,0x00,0x09,0x70,0xAA,0x98,0x4C,0xA5,
    /* 8EC0 */ 0x8E,0xA0,0x00,0x84,0x00,0xA0,0x00,0x2C,0xE4,0x03,0x10,0x05,0x49,0xFF,0x18,0x69,
    /* 8ED0 */ 0x01,0x0A,0x90,0x01,0x88,0x84,0x04,0x0A,0x26,0x04,0x85,0x03,0x8A,0x2C,0xE4,0x03,
    /* 8EE0 */ 0x10,0x05,0x49,0xFF,0x18,0x69,0x01,0x0A,0xA0,0x00,0x90,0x01,0x88,0x84,0x06,0x0A,
    /* 8EF0 */ 0x26,0x06,0x85,0x05,0xA2,0x03,0xA0,0x00,0xB5,0x02,0x91,0x01,0xB5,0x03,0x29,0x1F,
    /* 8F00 */ 0xC8,0x91,0x01,0xB5,0x00,0xC8,0x91,0x01,0xB5,0x01,0x45,0x00,0x29,0x1F,0x45,0x00,
    /* 8F10 */ 0xC8,0x91,0x01,0xD0,0x98,0xA0,0x00,0xB1,0x0A,0x49,0xFF,0x18,0x69,0x01,0x91,0x01,
    /* 8F20 */ 0xC8,0xB1,0x0A,0x49,0xFF,0x69,0x00,0x29,0x1F,0x91,0x01,0xC8,0xB1,0x0A,0x49,0xFF,
    /* 8F30 */ 0x18,0x69,0x01,0x91,0x01,0xC8,0xB1,0x0A,0x49,0xFF,0x69,0x00,0x29,0x1F,0x91,0x01,
    /* 8F40 */ 0x4C,0xAD,0x8E,0x78,0x8D,0x0B,0x10,0xAD,0x08,0x10,0x58,0x49,0x85,0x4A,0x4A,0x29,
    /* 8F50 */ 0x03,0x18,0x60,0x00,0x00,0x00,0x00,0x00,0x00,0x00,0x00,0x00,0x00,0x00,0x00,0x00,
    /* 8F60 */ 0x00,0x00,0x00,0x00,0x00,0x00,0x00,0x00,0x00,0x00,0x00,0x00,0x00,0x00,0x00,0x00,
    /* 8F70 */ 0x00,0x00,0x00,0x00,0x00,0x00,0x00,0x00,0x00,0x00,0x00,0x00,0x00,0x00,0x00,0x00,
    /* 8F80 */ 0x00,0x00,0x00,0x00,0x00,0x00,0x00,0x00,0x00,0x00,0x00,0x00,0x00,0x00,0x00,0x00,
    /* 8F90 */ 0x00,0x00,0x00,0x00,0x00,0x00,0x00,0x00,0x00,0x00,0x00,0x00,0x00,0x00,0x00,0x00,
    /* 8FA0 */ 0x00,0x00,0x00,0x00,0x00,0x00,0x00,0x00,0x00,0x00,0x00,0x00,0x00,0x00,0x00,0x00,
    /* 8FB0 */ 0x00,0x00,0x00,0x00,0x00,0x00,0x00,0x00,0x00,0x00,0x00,0x00,0x00,0x00,0x00,0x00,
    /* 8FC0 */ 0x00,0x00,0x00,0x00,0x00,0x00,0x00,0x00,0x00,0x00,0x00,0x00,0x00,0x00,0x00,0x00,
    /* 8FD0 */ 0x00,0x00,0x00,0x00,0x00,0x00,0x00,0x00,0x00,0x00,0x00,0x00,0x00,0x00,0x00,0x00,
    /* 8FE0 */ 0x00,0x00,0x00,0x00,0x00,0x00,0x00,0x00,0x00,0x00,0x00,0x00,0x00,0x00,0x00,0x00,
    /* 8FF0 */ 0x00,0x00,0x00,0x00,0x00,0x00,0x00,0x00,0x00,0x00,0x3F,0x80,0x3F,0x80,0x39,0x86,
};
